/*
Navicat MySQL Data Transfer

Source Server         : localhost
Source Server Version : 50718
Source Host           : localhost:3306
Source Database       : bosdb_usefk

Target Server Type    : MYSQL
Target Server Version : 50718
File Encoding         : 65001

Date: 2018-01-28 10:23:53
*/

SET FOREIGN_KEY_CHECKS=0;

-- ----------------------------
-- Table structure for act_evt_log
-- ----------------------------
DROP TABLE IF EXISTS `act_evt_log`;
CREATE TABLE `act_evt_log` (
  `LOG_NR_` bigint(20) NOT NULL AUTO_INCREMENT,
  `TYPE_` varchar(64) COLLATE utf8_bin DEFAULT NULL,
  `PROC_DEF_ID_` varchar(64) COLLATE utf8_bin DEFAULT NULL,
  `PROC_INST_ID_` varchar(64) COLLATE utf8_bin DEFAULT NULL,
  `EXECUTION_ID_` varchar(64) COLLATE utf8_bin DEFAULT NULL,
  `TASK_ID_` varchar(64) COLLATE utf8_bin DEFAULT NULL,
  `TIME_STAMP_` timestamp(3) NOT NULL DEFAULT CURRENT_TIMESTAMP(3) ON UPDATE CURRENT_TIMESTAMP(3),
  `USER_ID_` varchar(255) COLLATE utf8_bin DEFAULT NULL,
  `DATA_` longblob,
  `LOCK_OWNER_` varchar(255) COLLATE utf8_bin DEFAULT NULL,
  `LOCK_TIME_` timestamp(3) NULL DEFAULT NULL,
  `IS_PROCESSED_` tinyint(4) DEFAULT '0',
  PRIMARY KEY (`LOG_NR_`)
) ENGINE=InnoDB DEFAULT CHARSET=utf8 COLLATE=utf8_bin;

-- ----------------------------
-- Records of act_evt_log
-- ----------------------------

-- ----------------------------
-- Table structure for act_ge_bytearray
-- ----------------------------
DROP TABLE IF EXISTS `act_ge_bytearray`;
CREATE TABLE `act_ge_bytearray` (
  `ID_` varchar(64) COLLATE utf8_bin NOT NULL,
  `REV_` int(11) DEFAULT NULL,
  `NAME_` varchar(255) COLLATE utf8_bin DEFAULT NULL,
  `DEPLOYMENT_ID_` varchar(64) COLLATE utf8_bin DEFAULT NULL,
  `BYTES_` longblob,
  `GENERATED_` tinyint(4) DEFAULT NULL,
  PRIMARY KEY (`ID_`),
  KEY `ACT_FK_BYTEARR_DEPL` (`DEPLOYMENT_ID_`),
  CONSTRAINT `ACT_FK_BYTEARR_DEPL` FOREIGN KEY (`DEPLOYMENT_ID_`) REFERENCES `act_re_deployment` (`ID_`)
) ENGINE=InnoDB DEFAULT CHARSET=utf8 COLLATE=utf8_bin;

-- ----------------------------
-- Records of act_ge_bytearray
-- ----------------------------
INSERT INTO `act_ge_bytearray` VALUES ('2', '1', 'com/itheima/activiti/variable/bxlc.bpmn', '1', 0x3C3F786D6C2076657273696F6E3D22312E302220656E636F64696E673D225554462D38223F3E0A3C646566696E6974696F6E7320786D6C6E733D22687474703A2F2F7777772E6F6D672E6F72672F737065632F42504D4E2F32303130303532342F4D4F44454C2220786D6C6E733A7873693D22687474703A2F2F7777772E77332E6F72672F323030312F584D4C536368656D612D696E7374616E63652220786D6C6E733A61637469766974693D22687474703A2F2F61637469766974692E6F72672F62706D6E2220786D6C6E733A62706D6E64693D22687474703A2F2F7777772E6F6D672E6F72672F737065632F42504D4E2F32303130303532342F44492220786D6C6E733A6F6D6764633D22687474703A2F2F7777772E6F6D672E6F72672F737065632F44442F32303130303532342F44432220786D6C6E733A6F6D6764693D22687474703A2F2F7777772E6F6D672E6F72672F737065632F44442F32303130303532342F44492220747970654C616E67756167653D22687474703A2F2F7777772E77332E6F72672F323030312F584D4C536368656D61222065787072657373696F6E4C616E67756167653D22687474703A2F2F7777772E77332E6F72672F313939392F585061746822207461726765744E616D6573706163653D22687474703A2F2F7777772E61637469766974692E6F72672F74657374223E0A20203C70726F636573732069643D2262786C6322206E616D653D22E68AA5E99480E6B581E7A88B2220697345786563757461626C653D2274727565223E0A202020203C73746172744576656E742069643D2273746172746576656E743122206E616D653D225374617274223E3C2F73746172744576656E743E0A202020203C757365725461736B2069643D22757365727461736B3122206E616D653D22E68F90E4BAA4E68AA5E99480E794B3E8AFB7222061637469766974693A61737369676E65653D22247B6C6F67696E557365727D223E3C2F757365725461736B3E0A202020203C73657175656E6365466C6F772069643D22666C6F77312220736F757263655265663D2273746172746576656E743122207461726765745265663D22757365727461736B31223E3C2F73657175656E6365466C6F773E0A202020203C757365725461736B2069643D22757365727461736B3222206E616D653D22E8B4A2E58AA1E4BABAE59198E5AEA1E689B9222061637469766974693A61737369676E65653D22E69D8EE59B9B223E3C2F757365725461736B3E0A202020203C73657175656E6365466C6F772069643D22666C6F77322220736F757263655265663D22757365727461736B3122207461726765745265663D22757365727461736B32223E3C2F73657175656E6365466C6F773E0A202020203C757365725461736B2069643D22757365727461736B3322206E616D653D22E8B4A2E58AA1E680BBE79B91E5AEA1E689B9222061637469766974693A61737369676E65653D22E78E8BE4BA94223E3C2F757365725461736B3E0A202020203C73657175656E6365466C6F772069643D22666C6F77332220736F757263655265663D22757365727461736B3222207461726765745265663D22757365727461736B33223E3C2F73657175656E6365466C6F773E0A202020203C656E644576656E742069643D22656E646576656E743122206E616D653D22456E64223E3C2F656E644576656E743E0A202020203C73657175656E6365466C6F772069643D22666C6F77342220736F757263655265663D22757365727461736B3322207461726765745265663D22656E646576656E7431223E3C2F73657175656E6365466C6F773E0A20203C2F70726F636573733E0A20203C62706D6E64693A42504D4E4469616772616D2069643D2242504D4E4469616772616D5F62786C63223E0A202020203C62706D6E64693A42504D4E506C616E652062706D6E456C656D656E743D2262786C63222069643D2242504D4E506C616E655F62786C63223E0A2020202020203C62706D6E64693A42504D4E53686170652062706D6E456C656D656E743D2273746172746576656E7431222069643D2242504D4E53686170655F73746172746576656E7431223E0A20202020202020203C6F6D6764633A426F756E6473206865696768743D2233352E30222077696474683D2233352E302220783D2237302E302220793D223132302E30223E3C2F6F6D6764633A426F756E64733E0A2020202020203C2F62706D6E64693A42504D4E53686170653E0A2020202020203C62706D6E64693A42504D4E53686170652062706D6E456C656D656E743D22757365727461736B31222069643D2242504D4E53686170655F757365727461736B31223E0A20202020202020203C6F6D6764633A426F756E6473206865696768743D2235352E30222077696474683D223130352E302220783D223138302E302220793D223131302E30223E3C2F6F6D6764633A426F756E64733E0A2020202020203C2F62706D6E64693A42504D4E53686170653E0A2020202020203C62706D6E64693A42504D4E53686170652062706D6E456C656D656E743D22757365727461736B32222069643D2242504D4E53686170655F757365727461736B32223E0A20202020202020203C6F6D6764633A426F756E6473206865696768743D2235352E30222077696474683D223130352E302220783D223334302E302220793D223131302E30223E3C2F6F6D6764633A426F756E64733E0A2020202020203C2F62706D6E64693A42504D4E53686170653E0A2020202020203C62706D6E64693A42504D4E53686170652062706D6E456C656D656E743D22757365727461736B33222069643D2242504D4E53686170655F757365727461736B33223E0A20202020202020203C6F6D6764633A426F756E6473206865696768743D2235352E30222077696474683D223130352E302220783D223530302E302220793D223131302E30223E3C2F6F6D6764633A426F756E64733E0A2020202020203C2F62706D6E64693A42504D4E53686170653E0A2020202020203C62706D6E64693A42504D4E53686170652062706D6E456C656D656E743D22656E646576656E7431222069643D2242504D4E53686170655F656E646576656E7431223E0A20202020202020203C6F6D6764633A426F756E6473206865696768743D2233352E30222077696474683D2233352E302220783D223636302E302220793D223132302E30223E3C2F6F6D6764633A426F756E64733E0A2020202020203C2F62706D6E64693A42504D4E53686170653E0A2020202020203C62706D6E64693A42504D4E456467652062706D6E456C656D656E743D22666C6F7731222069643D2242504D4E456467655F666C6F7731223E0A20202020202020203C6F6D6764693A776179706F696E7420783D223130352E302220793D223133372E30223E3C2F6F6D6764693A776179706F696E743E0A20202020202020203C6F6D6764693A776179706F696E7420783D223138302E302220793D223133372E30223E3C2F6F6D6764693A776179706F696E743E0A2020202020203C2F62706D6E64693A42504D4E456467653E0A2020202020203C62706D6E64693A42504D4E456467652062706D6E456C656D656E743D22666C6F7732222069643D2242504D4E456467655F666C6F7732223E0A20202020202020203C6F6D6764693A776179706F696E7420783D223238352E302220793D223133372E30223E3C2F6F6D6764693A776179706F696E743E0A20202020202020203C6F6D6764693A776179706F696E7420783D223334302E302220793D223133372E30223E3C2F6F6D6764693A776179706F696E743E0A2020202020203C2F62706D6E64693A42504D4E456467653E0A2020202020203C62706D6E64693A42504D4E456467652062706D6E456C656D656E743D22666C6F7733222069643D2242504D4E456467655F666C6F7733223E0A20202020202020203C6F6D6764693A776179706F696E7420783D223434352E302220793D223133372E30223E3C2F6F6D6764693A776179706F696E743E0A20202020202020203C6F6D6764693A776179706F696E7420783D223530302E302220793D223133372E30223E3C2F6F6D6764693A776179706F696E743E0A2020202020203C2F62706D6E64693A42504D4E456467653E0A2020202020203C62706D6E64693A42504D4E456467652062706D6E456C656D656E743D22666C6F7734222069643D2242504D4E456467655F666C6F7734223E0A20202020202020203C6F6D6764693A776179706F696E7420783D223630352E302220793D223133372E30223E3C2F6F6D6764693A776179706F696E743E0A20202020202020203C6F6D6764693A776179706F696E7420783D223636302E302220793D223133372E30223E3C2F6F6D6764693A776179706F696E743E0A2020202020203C2F62706D6E64693A42504D4E456467653E0A202020203C2F62706D6E64693A42504D4E506C616E653E0A20203C2F62706D6E64693A42504D4E4469616772616D3E0A3C2F646566696E6974696F6E733E, '0');
INSERT INTO `act_ge_bytearray` VALUES ('3', '1', 'com/itheima/activiti/variable/bxlc.png', '1', 0x89504E470D0A1A0A0000000D4948445200000349000000C7080200000043498F220000146C49444154789CEDDD6F8C1CE75D07702BA5E82211E510855ABCF155BCC8490572A295EC57F88A44EE90203E892A3978E19E1435B554E14408B527901344632C448385DAC885C69C4029872A47273509A6898301273DF2C7B9FC717B4DE2C6A9E3D68DE3F442EC6463DFD9C3E3DB74BBDD3F73337B7B1ECFB39F8F7EB2D6BBB3B33BF37D769EDFEEDEEEAE4B000088C5BAA2EF0000005DA3B703008887DE0E00201E7A3B008078E8ED0000E2A1B703008887DE0E00201E7A3B008078E8ED0000E2A1B703008887DE0E00201E7A3B008078E8ED0000E2A1B703008887DE0E00201E7A3B008078E8ED0000E2A1B703008887DE0E00201E7A3B008078E8ED0000E2A1B703008887DE0E00201E7A3B008078E8ED0000E2A1B703008887DE0E00201E7A3B008078E8ED0000E2A1B703008887DE0E00201E7A3B008078E8ED0000E2A1B703008887DE0E00201E7A3B008078E8ED0000E2A1B703008887DE0E00201E7A3B008078E8ED0000E2A1B703008887DE0E00201E7A3B008078E8ED0000E2A1B703008887DE0E00201E7A3B008078E8ED0000E2A1B703008887DE0E00201E7A3B008078E8ED0000E2A1B703008887DE0E00201E7A3B008078E8ED0000E2A1B703008887DE0E00201E7A3B008078E8ED0000E2A1B703008887DE0E00201E7A3B008078E8ED0000E2A1B703008887DE0E00201E7A3B008078E8ED0000E2A1B703008887DE0E00201E7A3B008078E8ED0000E2A1B703008887DE0E00201E7A3B008078E8ED0000E2A1B703008887DE0E00201E7A3B008078E8ED0000E2A1B703008887DE0E00201E7A3B008078E8ED0000E2A1B703008887DE0E00201E7A3B008078E8ED0000E2A1B703008887DE0E00201E7A3B008078E8ED0000E2A1B703008887DE0E00201E7A3B008078E8ED0000E2A1B703008887DE0E00201E7A3B008078E8ED0000E2A1B703008887DE0E00201E7A3B008078E8ED0000E2A1B703008887DE0E00201E7A3B008078E8ED0000E2A1B723874AA5323D3D3D3E3E3E3C3C3C3030B0AE57856D0F7B606C6C6C6A6A6A6161A1E858BA46BE55F28D5BACF9428DDE8EACF6EFDF1F8E896162B8EFBEFB1E3970E0E5A347CF2F2EF666856D0F7B60DFBE7D5BB76E0DFB24CC104587D305F2956F8F5494F9423DBD1D2B0B4F6D2726264646468EBF76FCFCE279555FA7DE38156688B0734E9E3C5974501D92AF7C7BB622C8179AE9ED58419818868686EEDDFBD5F38BE754BB7AE0C107366EDC78ECD8B1A2E3CA4DBEF255E5CD175AD2DBB182F08C7F7962784FA5D723071EDEBCF9B78B8E2B37F9CA5795375F68496F479AFDFBF78F8CDCB0B8545159EA739FFFB39D3BBF50746839C857BEAABCF9423B7A3BDAAA542A030303AF9D38B6B8F4AECA5267CEFEF8FAEB7F737E7EBEE8E83291AF7C5579F385147A3BDA9A9A9A9A9898585C7AA7569F18FDFD8CDF32507FAD9EAA9D3BFF6A7272B2E8E83291AF7CE55BDE7C2185DE8EB6C6C6C6F6DDFF6F3F9D186E18F96192BC7A21796931F9F6B9E4D973C953679676DFFFE8374FBCF5C4F9E47F2BC91395E4D03BC9C3EF257F7FE8F95BB77DA6F0C37421F5F4E1D9A1A1A1A2A3CB44BEF2956F79F385147A3BDA1A1C1C3C72E499C5A5B3D50ACFE6CF24C9D98BC95B4BC99BE7937792E44FFFFC8E7557FDC2A61BC64E2C26C7CF25C7DF4B8E5592979792AF7FEBD9E5A7FE677BB0CE9C3DDDD7D757747499C857BEF22D6FBE90A2477BBB4AA532333373E79D7786A7B6C33F313A3A1ACE999E9EF64DE555FDFDFD6F9C3EB1B874A65AE170FFCE85E4DC854B172D5DBCF4EF371EFA8F5FFDB55FFF8BBBBEB894246F2F256F2D266F2E2661DF3DFCE473CB73C399DEACB0EDC50697917CE52BDFF2E69B45CA4C373535E52BFD2216CF20CE280CF430B2C333B330D6C3F8DEB7EFFE470E3C5AAD071E7C68C78E3BC6C7C7C33171D3A64DBEAC7CF9F8FE76ADC27FCF2E25A7DF4DCE5F787F81D004FFDD97BEF285BFFDD2F11F5C3A462C5E4CCE2FCF198F3FFD6CC3757BAACA3237C857BEF22D6FBEE9C24C17E6B815FFB072686868CF9E3DA1052CFAFED265310CE28CE6E6E6AABF21187AB8F38B4BE975E8B1C7B76EFD5418F7070F1E2CFA8E1766F9F8FE7FB5BA34375C484EBD93FCE84CB29824E7CF9D1BBCEEBA75EB3EB06E5DDF27FF686BFD159F3AFC4CC3757BAACA3237C857BEF22D6FBEED84396BD3A64D193F3453353030107AC1A2EF38DD54EE419CDDAE5DBB42A3F6C8814757ECEAEAEBA9A70F6FDEBC79DBB66DBDF9B466F9F8FE56ADAAEFE984E7FD3F783B79FDBDE4A923DFFBF0873FFC819FFBF9ABAFFDD0F81FFFCCDCF0E4D3871BAEDB535596B941BEF2956F79F36D16E6A9898989E657E63EF7B9CFD7BF43156AC78E3B4646461A961C1B1BF3F748D128EB20CE2E0CF7F1F1F1C9C9C95C5D5D7D7DF99E7B8687877BF04F13968FEF0BB50AFF7DF762F266E5D2F3FE53EF25079E9CFF8DEB3FF6A15FFE956BFB7FF12BFFFCF5F792E4CCB9E49D7397AE7868F6C986EBF65495656E90AF7CE55BDE7C1B8419AAE1E5BAEDDB6F7BF9E8D194A9EDD41BA7C3ECB67EFDFAFA17F0E6E6E68ADE14BAA0948338BBD0D885E13E3D3DDD7163577B8B36ACA7D77E6D303CD497967E5CABEA212F4C0F6F2D263F3E1F9EFD2F3EFEFCB1EB7FEBE39FF8DDDF7BFD5CF2A34AF27A25397D2E09B3C3A1279E6CB86E4F5559E606F9CA57BEE5CDB75E989B425B566BD1464747D3BBBA860E6FC78E3B6AD7EDEBEB9B9D9D2D7A8358ADF20DE25CC6C7C757DFD8D5DE9F0DED5D4FBD39DB707C1FFEC4E6E7BEF3D253CFCFCFCECD3F7678FEB1675E7CFCB9A3FFF9C4B7BFF5FC2BFF7DF8C5FF39FCDDC79EF9EEECB32F3EFFD2F7EFF987BD37DD7C53E1C76873433AF9CA57BEE5CDB7A6FA1246AD39BB6BE7CE0E26B8FBEEFB5AE8EA6AAFDEF5E0FB549129D920CE65D7AE5DAB792BB6B9F6EDBB7F6C6CACE8CDBA7C96E78637EBEBB39FFD4CD39FE1B6F0879FFC64C3157BAACA3237C857BEF22D6FBE35E3E3E3B5ECC224B59AD72FFAFBFBABEB191E1E2E7AB35895920DE2ECE6E6E6868686BAD8D855EBD65B3FB367CF9EA237EE32599E1B4EABBC5596B941BEF255E5CDB76A6666A6D6D875F68A5D7D3DF0E043B5B5EDDEBDBBE88DA373651AC4B984C62E3C0BE97A6F77FCB5131B360CF4C83BB397E6860B6FA8BC5596B941BEF255E5CDB72ACC74D5566C7474B42B735CED6FEFD6AF5FDF23335D94CA3488B3AB7E6D63D71BBB6A6DDF7E5B8F3CA1599E1B4EA9BC5596B941BEF255E5CD37989E9EAEF6617D7D7DC75F3BD19509EEED33676B9F9CBDFDF6DB8BDE443A549A419CCBF0F070DEAFB2CBF5D25D18FA456FE2E5B03C37BCAEF25659E606F9CA579537DF6479A6AB3661DBB7DFD6C539EEDEBD7BABABEDEFEF2F7A13E950690671760B0B0B6144AE516357AD8D1B37F6C2A7C497E7861FA9BC5596B941BEF255E5CD37CC74B5BF8DEBD68B76B5DAB061A0BAE65EFE65A6522BC720CE656A6A6A6262624D7BBBBB76EE9C9C9C2C7A43BB637A7ABADDF7F62DCF0D2755DEBAA2E606F9CA5745996F98E96A9F69EDFA1C77EBADEF7FA43A9A99AED75C4183B85BB66DDBB667CF9E35EDED1E39F0681C1F117FF1C517AB0FE06BAEB966DFBE7D0D979A1BCA3E37C857BE2AD67CC34CD7AD8FC7B69CE3AA2BDFB4695321DBCE2A5D2983B88B4647471F78F0A135EDED5E3E7A74C38681A237B40B2A95CA55575D557D0C7FF0831FFCE8473F5AFF1C71796EF8A1CA5B57CEDC205FF9AA58F30D335DF5A2B598EFC21C575DF9C0400C335D0FBA52067117ADD1B79FD4D7DB67CEF6F5F515BDA1DD51FF6382C1D5575F7DCB2DB7543FFA1EFE7BE1C20F54DEBA72E68644BEF25591E65BFBF693359AEF6A375AF43EA01311C6161E0C5DFFC3D296E3BEF619A5885DB87042E5AD75E5191B85EFAB32D63AF9465DEB4A926FADEDCBFED3B1B9AAB6FEA2A7743A11616C8383832F1C3972197ABBA237B43BAEBDF6DADAC1626C5938AECDCFCF27EF3FEF7F4DE5AD2B6A6CC857BE2ACA7CC34C573D7F8DE6BBDACFCB16BD0FE84484B1ADE997DB552B9ABFB7AB7D8A3E1C263EFDE94F877FA7A7A76B972ECF0DC7F356ED5A0DCF3253964C5F4FF6053A5861DE9564DC0305665A6F2DF2ED4A1619976CF97245DEF5D40FC8AE442CDF2CFB30FB5532E622DF867C6B2F2EAEC57C77EA8DD3D595FB8ABB92BA520671174D4C4CDCBB77EF9AF676871E7B7CE3C68D456F6817BCFAEAABE1C9D9E8E8E8C0C0C0E4E4643894D45FBA7C88FC7EDEAA5DABFEEAED56957213F5EB699ADD7F7A7ECB5B6CB9DAF4FBD0B28DE8780F14156883EEE69BB2679AFF9B7D4FE6BAA86150A56B372A3A8B55BE79F35D977A04583117F9A6E71B66BAEA7EF8F23DF7747D8E7BE1C891EACA8786868ADA7C56E34A19C45DB47BF7EEEE7E49777385DE71EBD64F15BDA1DD313333333535D5F22B943A3B44D61F615B1E88B31CAFD38FF8E967AECB36FDAF78FF23981B92AEE6DB329D7617A52C9C7D87671C212B8EC3154FC8B7BBF976F6006F584CBE496ABEBB76EDAAEEAB3019757D8EBB6BE7CEEACAC7C7C72FFB46D30557D020EE96F03008CF72D6B4B71B1919D9BF7F7FD11BBAE6968F8CAF66AF56C7F19F5ED4D97A9AAF9BB2AAE68BDADD87962B49B9FF79F743D1D165D241BECDFFA6ECAE8CBBB1E3FD9C653D2D0752F309F97637DF7637DDF231D8F2612EDF15CDCFCF57B7BDBFBFFFED3367BB3BC76DDEBCB9BAF2D05916BDA174A21C8338AF35FD3845781485C752F553E871BB7464BC782C6FD5AED53831B459ACE174CBF5D4AFB061E5CD37D4B058FA2D36DFB7CEB6BA610D45479749DE2DADEDEDE6BDD4FCDF86BD9D725BED2E6A196BCB35AFB84CF3C2AB095ABE2BE69B9269BB5C526E48BEED0C0C0C54B777DFBEFBBB38C7D5BEDC2E68782398B228CD20CE654DDF96FDE2DD77879517BD8997C3F2C1F195BC95E55ACDCBA49CD36E85290BD45FD47E6EF89985575C2CD71E283ABA4CF26E5D6D4735ECF3FA1DD570BAE1EAED926A794F56CC3DEFE9967752BE6B916F96ECDA9D29DFEC262727AB1B7BFDF5D777F1A5BB1BB76CA9AE766C6CACE84DA443A519C4B9542A95F084662DBEE52E3C7E366C183879F264D19B78392C1F1FBF97B77E7260FD5EAB3EE9FD056AFFB63B27FB7A5A2ED0BC4C96D3CD77A083CDAF5EB1E8E832C9BB81F53135ECC096ABCAB2FE96D1E7CAAE9D96036995C9CA3763BE5972C97897E49B626161A1F62D74DDFAE5B1438F3D5EDBC9737373456F221D2ACD20CE6B7A7AFAA69B6FF6A2DD6A2C1F228F66AFBAC3EECF9C99B27CCB051AD6D3B058EDBFB5655AAEA1F9D6573CDD6AFEC8B1F9F52B2C3ABA4C3AC837258EE6F856DC99ED12E920BBF44C5346857CD72EDF156F6EC555C97745BB77EFAEEE84BEBEBED57F19CACB478FD69AC56DDBB615BD7174AE4C8338AF1BB76CE9EE5F21BC70E448F5A5EFA2B7EC32593E44BE9CB76AD7AA9EA83B5EA72D9C653D0DCBD72FD06A7A687B51C3FD69B8A12CF76DC53D50747499E4DDC0E620DAEDBA8C3BB3650A2B5EDA70BA837C3B4E56BEB9F2CD9863CA6DC9378B4D9B3655F74968CB56F31B15616A0B135C6D553DF2F654AC4A368873595858D8B87163B73E5471EA8DD361DC87474ED19B75F92C1F225FCA5BB56B554FA4AC247D8186F5342FD9EEFC7617AD78BAD5FC917BF3ABEB293ABA4CBA92EF8A11645C60C591D03291BCF936ACA7E33D5074749914986FC3433B258E8C0BCB37C5B163C7FAFBFB6B3D59673F2F7BFCB513B5C6AEAFAFEFE0C183456F16AB52B2419CD7FCFC7C68EF56FF737BA1B1BB71CB96071E7CA8E80DBAACD6AEB76B98A7D3A7EDFAF5B4BC56C62E21A57568B91EBD5DBB7DB8FA4E6EC586BEDDC048E9B9573CBF39E8B8E7FEC2F3CDD8F0650C45BE29422BB6EE27426796F7DB8C0F3DF678EDADD860F7EEDD456F10AB55BE419CD7DCDC5C783A12C6EE6ADE8A0D0D62AF3576C9F2DC70F1E28BB9AA7A68A89EA8FDB7A67E8194EBA69CAEADB9E58996CB375FB1DDF90DB7D2C1E6D7AE5B747499E4DDC09629A404D46E4FA6DFEE8AE3A4DD1ADA9D99926F6711CB377BBECD478096E737936F5E333333B557EFD62D7F7236CC59595EAEBBE9E69BEBF7BCC62E0EA51CC4792D2C2C6CDEBC79C78E3B4EBD713AEFDF1F7CF1EEBBAB6FEC16BD1105583E327E57E5ADB2CC0DF295AF2A6FBECDE6E7E7070707EB1BB5D0E18589AFF90F93424BF7E57BEE191919A95F38B486DE8A8D465907715E954A250CF1EBAE1B0CBD5AC6EF01BA77EFDEB0FCF6EDB7858EB0E8BB5F8CE5B9615EE5ADB2CC0DF295AF2A6FBE2D2D2C2CDC79E79D7D7D7D2D5F0DDDB87163BB8BC6C7C77D782226251EC41D0863F7F6DB6F0FCF4E6EDCB225B46ECD7F731ACEB9EFBEAFDD74F3CD6199AD5B3FD5F257FC7AC7F2DCF01D95B7CA3237C857BEAABCF9A60833DDC4C444EB77BB9B0C0F0FCFCECE167D97E9B2D20FE20E542A9599999930F46B1F0BAA7F053B3476D3D3D37E682508CFF0DE7DF7998B17BFAD725559E606F9CA579537DF1585992ECC6561A61B1A1A6A98E9060606C6C6C6F6ECD9E3B5BA58453288590BE1F1FFCA2BDFBC78F188CA5565991BE42B5F55DE7C2185414C5BA3A3A3FFBE7FCFC5E40595BDBE33FF8DC1C1C1A2A3CB44BEF255E5CD1752E8ED686BD7AE5D9393B7147EB42D57FDD3D45D131313454797897CE5ABCA9B2FA4D0DBD1D6B163C706073FF26EE5A98BC9F32A638D8DFDCECCCC4CD1D165225FF9AAF2E60B29F476A4B9F3926D1793E75496FAD7E9BF191F1F2D3AB41CE42B5F55DE7CA11DBD1D692A95CAF0F0C76767FF25499E55E975F2E481C1C18F2C2C1C2A3AB41CE42B5F55DE7CA11DBD1D2B989F9F1F1ABA6E7E7E2649E654BB0A134398440F1EFC6AD171E5265FF9AAF2E60B2DE9ED58D9ECEC6C981E76EDFA9324794635D7CCCCDD838303070FFE63D1417548BEF2EDE52A7BBED04C6F4726954A6572726278F86353537F79F2E4C34972582D2CFCD7F4F45F8F8F8F8C8D0D87D34547B42AF2956FAF554CF94203BD1D391C3C787062E20FD6AFFFA58CBF6613B7FEFE6BC6C76F08D343D1B1748D7CEBC9376EF1E50B357A3B008078E8ED0000E2A1B703008887DE0E00201E7A3B008078E8ED0000E2A1B703008887DE0E00201E7A3B008078E8ED0000E2A1B703008887DE0E00201E7A3B008078E8ED0000E2A1B703008887DE0E00201E7A3B008078E8ED0000E2A1B703008887DE0E00201E7A3B008078E8ED0000E2A1B703008887DE0E00201E7A3B008078E8ED0000E2A1B703008887DE0E00201E7A3B008078E8ED0000E2A1B703008887DE0E00201E7A3B008078E8ED0000E2F1FFFC9E12D4EC1AF25A0000000049454E44AE426082, '0');

-- ----------------------------
-- Table structure for act_ge_property
-- ----------------------------
DROP TABLE IF EXISTS `act_ge_property`;
CREATE TABLE `act_ge_property` (
  `NAME_` varchar(64) COLLATE utf8_bin NOT NULL,
  `VALUE_` varchar(300) COLLATE utf8_bin DEFAULT NULL,
  `REV_` int(11) DEFAULT NULL,
  PRIMARY KEY (`NAME_`)
) ENGINE=InnoDB DEFAULT CHARSET=utf8 COLLATE=utf8_bin;

-- ----------------------------
-- Records of act_ge_property
-- ----------------------------
INSERT INTO `act_ge_property` VALUES ('next.dbid', '10001', '5');
INSERT INTO `act_ge_property` VALUES ('schema.history', 'create(5.22.0.0)', '1');
INSERT INTO `act_ge_property` VALUES ('schema.version', '5.22.0.0', '1');

-- ----------------------------
-- Table structure for act_hi_actinst
-- ----------------------------
DROP TABLE IF EXISTS `act_hi_actinst`;
CREATE TABLE `act_hi_actinst` (
  `ID_` varchar(64) COLLATE utf8_bin NOT NULL,
  `PROC_DEF_ID_` varchar(64) COLLATE utf8_bin NOT NULL,
  `PROC_INST_ID_` varchar(64) COLLATE utf8_bin NOT NULL,
  `EXECUTION_ID_` varchar(64) COLLATE utf8_bin NOT NULL,
  `ACT_ID_` varchar(255) COLLATE utf8_bin NOT NULL,
  `TASK_ID_` varchar(64) COLLATE utf8_bin DEFAULT NULL,
  `CALL_PROC_INST_ID_` varchar(64) COLLATE utf8_bin DEFAULT NULL,
  `ACT_NAME_` varchar(255) COLLATE utf8_bin DEFAULT NULL,
  `ACT_TYPE_` varchar(255) COLLATE utf8_bin NOT NULL,
  `ASSIGNEE_` varchar(255) COLLATE utf8_bin DEFAULT NULL,
  `START_TIME_` datetime(3) NOT NULL,
  `END_TIME_` datetime(3) DEFAULT NULL,
  `DURATION_` bigint(20) DEFAULT NULL,
  `TENANT_ID_` varchar(255) COLLATE utf8_bin DEFAULT '',
  PRIMARY KEY (`ID_`),
  KEY `ACT_IDX_HI_ACT_INST_START` (`START_TIME_`),
  KEY `ACT_IDX_HI_ACT_INST_END` (`END_TIME_`),
  KEY `ACT_IDX_HI_ACT_INST_PROCINST` (`PROC_INST_ID_`,`ACT_ID_`),
  KEY `ACT_IDX_HI_ACT_INST_EXEC` (`EXECUTION_ID_`,`ACT_ID_`)
) ENGINE=InnoDB DEFAULT CHARSET=utf8 COLLATE=utf8_bin;

-- ----------------------------
-- Records of act_hi_actinst
-- ----------------------------
INSERT INTO `act_hi_actinst` VALUES ('2502', 'bxlc:1:4', '2501', '2501', 'startevent1', null, null, 'Start', 'startEvent', null, '2018-01-24 22:54:26.403', '2018-01-24 22:54:26.413', '10', '');
INSERT INTO `act_hi_actinst` VALUES ('2505', 'bxlc:1:4', '2501', '2501', 'usertask1', '2506', null, '提交报销申请', 'userTask', '小王', '2018-01-24 22:54:26.413', '2018-01-24 22:54:49.974', '23561', '');
INSERT INTO `act_hi_actinst` VALUES ('5003', 'bxlc:1:4', '2501', '2501', 'usertask2', '5004', null, '财务人员审批', 'userTask', '李四', '2018-01-24 22:54:49.975', null, null, '');

-- ----------------------------
-- Table structure for act_hi_attachment
-- ----------------------------
DROP TABLE IF EXISTS `act_hi_attachment`;
CREATE TABLE `act_hi_attachment` (
  `ID_` varchar(64) COLLATE utf8_bin NOT NULL,
  `REV_` int(11) DEFAULT NULL,
  `USER_ID_` varchar(255) COLLATE utf8_bin DEFAULT NULL,
  `NAME_` varchar(255) COLLATE utf8_bin DEFAULT NULL,
  `DESCRIPTION_` varchar(4000) COLLATE utf8_bin DEFAULT NULL,
  `TYPE_` varchar(255) COLLATE utf8_bin DEFAULT NULL,
  `TASK_ID_` varchar(64) COLLATE utf8_bin DEFAULT NULL,
  `PROC_INST_ID_` varchar(64) COLLATE utf8_bin DEFAULT NULL,
  `URL_` varchar(4000) COLLATE utf8_bin DEFAULT NULL,
  `CONTENT_ID_` varchar(64) COLLATE utf8_bin DEFAULT NULL,
  `TIME_` datetime(3) DEFAULT NULL,
  PRIMARY KEY (`ID_`)
) ENGINE=InnoDB DEFAULT CHARSET=utf8 COLLATE=utf8_bin;

-- ----------------------------
-- Records of act_hi_attachment
-- ----------------------------

-- ----------------------------
-- Table structure for act_hi_comment
-- ----------------------------
DROP TABLE IF EXISTS `act_hi_comment`;
CREATE TABLE `act_hi_comment` (
  `ID_` varchar(64) COLLATE utf8_bin NOT NULL,
  `TYPE_` varchar(255) COLLATE utf8_bin DEFAULT NULL,
  `TIME_` datetime(3) NOT NULL,
  `USER_ID_` varchar(255) COLLATE utf8_bin DEFAULT NULL,
  `TASK_ID_` varchar(64) COLLATE utf8_bin DEFAULT NULL,
  `PROC_INST_ID_` varchar(64) COLLATE utf8_bin DEFAULT NULL,
  `ACTION_` varchar(255) COLLATE utf8_bin DEFAULT NULL,
  `MESSAGE_` varchar(4000) COLLATE utf8_bin DEFAULT NULL,
  `FULL_MSG_` longblob,
  PRIMARY KEY (`ID_`)
) ENGINE=InnoDB DEFAULT CHARSET=utf8 COLLATE=utf8_bin;

-- ----------------------------
-- Records of act_hi_comment
-- ----------------------------

-- ----------------------------
-- Table structure for act_hi_detail
-- ----------------------------
DROP TABLE IF EXISTS `act_hi_detail`;
CREATE TABLE `act_hi_detail` (
  `ID_` varchar(64) COLLATE utf8_bin NOT NULL,
  `TYPE_` varchar(255) COLLATE utf8_bin NOT NULL,
  `PROC_INST_ID_` varchar(64) COLLATE utf8_bin DEFAULT NULL,
  `EXECUTION_ID_` varchar(64) COLLATE utf8_bin DEFAULT NULL,
  `TASK_ID_` varchar(64) COLLATE utf8_bin DEFAULT NULL,
  `ACT_INST_ID_` varchar(64) COLLATE utf8_bin DEFAULT NULL,
  `NAME_` varchar(255) COLLATE utf8_bin NOT NULL,
  `VAR_TYPE_` varchar(255) COLLATE utf8_bin DEFAULT NULL,
  `REV_` int(11) DEFAULT NULL,
  `TIME_` datetime(3) NOT NULL,
  `BYTEARRAY_ID_` varchar(64) COLLATE utf8_bin DEFAULT NULL,
  `DOUBLE_` double DEFAULT NULL,
  `LONG_` bigint(20) DEFAULT NULL,
  `TEXT_` varchar(4000) COLLATE utf8_bin DEFAULT NULL,
  `TEXT2_` varchar(4000) COLLATE utf8_bin DEFAULT NULL,
  PRIMARY KEY (`ID_`),
  KEY `ACT_IDX_HI_DETAIL_PROC_INST` (`PROC_INST_ID_`),
  KEY `ACT_IDX_HI_DETAIL_ACT_INST` (`ACT_INST_ID_`),
  KEY `ACT_IDX_HI_DETAIL_TIME` (`TIME_`),
  KEY `ACT_IDX_HI_DETAIL_NAME` (`NAME_`),
  KEY `ACT_IDX_HI_DETAIL_TASK_ID` (`TASK_ID_`)
) ENGINE=InnoDB DEFAULT CHARSET=utf8 COLLATE=utf8_bin;

-- ----------------------------
-- Records of act_hi_detail
-- ----------------------------

-- ----------------------------
-- Table structure for act_hi_identitylink
-- ----------------------------
DROP TABLE IF EXISTS `act_hi_identitylink`;
CREATE TABLE `act_hi_identitylink` (
  `ID_` varchar(64) COLLATE utf8_bin NOT NULL,
  `GROUP_ID_` varchar(255) COLLATE utf8_bin DEFAULT NULL,
  `TYPE_` varchar(255) COLLATE utf8_bin DEFAULT NULL,
  `USER_ID_` varchar(255) COLLATE utf8_bin DEFAULT NULL,
  `TASK_ID_` varchar(64) COLLATE utf8_bin DEFAULT NULL,
  `PROC_INST_ID_` varchar(64) COLLATE utf8_bin DEFAULT NULL,
  PRIMARY KEY (`ID_`),
  KEY `ACT_IDX_HI_IDENT_LNK_USER` (`USER_ID_`),
  KEY `ACT_IDX_HI_IDENT_LNK_TASK` (`TASK_ID_`),
  KEY `ACT_IDX_HI_IDENT_LNK_PROCINST` (`PROC_INST_ID_`)
) ENGINE=InnoDB DEFAULT CHARSET=utf8 COLLATE=utf8_bin;

-- ----------------------------
-- Records of act_hi_identitylink
-- ----------------------------
INSERT INTO `act_hi_identitylink` VALUES ('2507', null, 'participant', '小王', null, '2501');
INSERT INTO `act_hi_identitylink` VALUES ('5005', null, 'participant', '李四', null, '2501');

-- ----------------------------
-- Table structure for act_hi_procinst
-- ----------------------------
DROP TABLE IF EXISTS `act_hi_procinst`;
CREATE TABLE `act_hi_procinst` (
  `ID_` varchar(64) COLLATE utf8_bin NOT NULL,
  `PROC_INST_ID_` varchar(64) COLLATE utf8_bin NOT NULL,
  `BUSINESS_KEY_` varchar(255) COLLATE utf8_bin DEFAULT NULL,
  `PROC_DEF_ID_` varchar(64) COLLATE utf8_bin NOT NULL,
  `START_TIME_` datetime(3) NOT NULL,
  `END_TIME_` datetime(3) DEFAULT NULL,
  `DURATION_` bigint(20) DEFAULT NULL,
  `START_USER_ID_` varchar(255) COLLATE utf8_bin DEFAULT NULL,
  `START_ACT_ID_` varchar(255) COLLATE utf8_bin DEFAULT NULL,
  `END_ACT_ID_` varchar(255) COLLATE utf8_bin DEFAULT NULL,
  `SUPER_PROCESS_INSTANCE_ID_` varchar(64) COLLATE utf8_bin DEFAULT NULL,
  `DELETE_REASON_` varchar(4000) COLLATE utf8_bin DEFAULT NULL,
  `TENANT_ID_` varchar(255) COLLATE utf8_bin DEFAULT '',
  `NAME_` varchar(255) COLLATE utf8_bin DEFAULT NULL,
  PRIMARY KEY (`ID_`),
  UNIQUE KEY `PROC_INST_ID_` (`PROC_INST_ID_`),
  KEY `ACT_IDX_HI_PRO_INST_END` (`END_TIME_`),
  KEY `ACT_IDX_HI_PRO_I_BUSKEY` (`BUSINESS_KEY_`)
) ENGINE=InnoDB DEFAULT CHARSET=utf8 COLLATE=utf8_bin;

-- ----------------------------
-- Records of act_hi_procinst
-- ----------------------------
INSERT INTO `act_hi_procinst` VALUES ('2501', '2501', null, 'bxlc:1:4', '2018-01-24 22:54:26.403', null, null, null, 'startevent1', null, null, null, '', null);

-- ----------------------------
-- Table structure for act_hi_taskinst
-- ----------------------------
DROP TABLE IF EXISTS `act_hi_taskinst`;
CREATE TABLE `act_hi_taskinst` (
  `ID_` varchar(64) COLLATE utf8_bin NOT NULL,
  `PROC_DEF_ID_` varchar(64) COLLATE utf8_bin DEFAULT NULL,
  `TASK_DEF_KEY_` varchar(255) COLLATE utf8_bin DEFAULT NULL,
  `PROC_INST_ID_` varchar(64) COLLATE utf8_bin DEFAULT NULL,
  `EXECUTION_ID_` varchar(64) COLLATE utf8_bin DEFAULT NULL,
  `NAME_` varchar(255) COLLATE utf8_bin DEFAULT NULL,
  `PARENT_TASK_ID_` varchar(64) COLLATE utf8_bin DEFAULT NULL,
  `DESCRIPTION_` varchar(4000) COLLATE utf8_bin DEFAULT NULL,
  `OWNER_` varchar(255) COLLATE utf8_bin DEFAULT NULL,
  `ASSIGNEE_` varchar(255) COLLATE utf8_bin DEFAULT NULL,
  `START_TIME_` datetime(3) NOT NULL,
  `CLAIM_TIME_` datetime(3) DEFAULT NULL,
  `END_TIME_` datetime(3) DEFAULT NULL,
  `DURATION_` bigint(20) DEFAULT NULL,
  `DELETE_REASON_` varchar(4000) COLLATE utf8_bin DEFAULT NULL,
  `PRIORITY_` int(11) DEFAULT NULL,
  `DUE_DATE_` datetime(3) DEFAULT NULL,
  `FORM_KEY_` varchar(255) COLLATE utf8_bin DEFAULT NULL,
  `CATEGORY_` varchar(255) COLLATE utf8_bin DEFAULT NULL,
  `TENANT_ID_` varchar(255) COLLATE utf8_bin DEFAULT '',
  PRIMARY KEY (`ID_`),
  KEY `ACT_IDX_HI_TASK_INST_PROCINST` (`PROC_INST_ID_`)
) ENGINE=InnoDB DEFAULT CHARSET=utf8 COLLATE=utf8_bin;

-- ----------------------------
-- Records of act_hi_taskinst
-- ----------------------------
INSERT INTO `act_hi_taskinst` VALUES ('2506', 'bxlc:1:4', 'usertask1', '2501', '2501', '提交报销申请', null, null, null, '小王', '2018-01-24 22:54:26.418', null, '2018-01-24 22:54:49.932', '23514', 'completed', '50', null, null, null, '');
INSERT INTO `act_hi_taskinst` VALUES ('5004', 'bxlc:1:4', 'usertask2', '2501', '2501', '财务人员审批', null, null, null, '李四', '2018-01-24 22:54:49.975', null, null, null, null, '50', null, null, null, '');

-- ----------------------------
-- Table structure for act_hi_varinst
-- ----------------------------
DROP TABLE IF EXISTS `act_hi_varinst`;
CREATE TABLE `act_hi_varinst` (
  `ID_` varchar(64) COLLATE utf8_bin NOT NULL,
  `PROC_INST_ID_` varchar(64) COLLATE utf8_bin DEFAULT NULL,
  `EXECUTION_ID_` varchar(64) COLLATE utf8_bin DEFAULT NULL,
  `TASK_ID_` varchar(64) COLLATE utf8_bin DEFAULT NULL,
  `NAME_` varchar(255) COLLATE utf8_bin NOT NULL,
  `VAR_TYPE_` varchar(100) COLLATE utf8_bin DEFAULT NULL,
  `REV_` int(11) DEFAULT NULL,
  `BYTEARRAY_ID_` varchar(64) COLLATE utf8_bin DEFAULT NULL,
  `DOUBLE_` double DEFAULT NULL,
  `LONG_` bigint(20) DEFAULT NULL,
  `TEXT_` varchar(4000) COLLATE utf8_bin DEFAULT NULL,
  `TEXT2_` varchar(4000) COLLATE utf8_bin DEFAULT NULL,
  `CREATE_TIME_` datetime(3) DEFAULT NULL,
  `LAST_UPDATED_TIME_` datetime(3) DEFAULT NULL,
  PRIMARY KEY (`ID_`),
  KEY `ACT_IDX_HI_PROCVAR_PROC_INST` (`PROC_INST_ID_`),
  KEY `ACT_IDX_HI_PROCVAR_NAME_TYPE` (`NAME_`,`VAR_TYPE_`),
  KEY `ACT_IDX_HI_PROCVAR_TASK_ID` (`TASK_ID_`)
) ENGINE=InnoDB DEFAULT CHARSET=utf8 COLLATE=utf8_bin;

-- ----------------------------
-- Records of act_hi_varinst
-- ----------------------------
INSERT INTO `act_hi_varinst` VALUES ('2503', '2501', '2501', null, 'key1', 'string', '0', null, null, null, 'value1', null, '2018-01-24 22:54:26.403', '2018-01-24 22:54:26.403');
INSERT INTO `act_hi_varinst` VALUES ('2504', '2501', '2501', null, 'loginUser', 'string', '0', null, null, null, '小王', null, '2018-01-24 22:54:26.404', '2018-01-24 22:54:26.404');
INSERT INTO `act_hi_varinst` VALUES ('5001', '2501', '2501', null, 'qjts', 'integer', '0', null, null, '365', '365', null, '2018-01-24 22:54:49.838', '2018-01-24 22:54:49.838');
INSERT INTO `act_hi_varinst` VALUES ('5002', '2501', '2501', null, 'qjyy', 'string', '0', null, null, null, '不想上班', null, '2018-01-24 22:54:49.839', '2018-01-24 22:54:49.839');

-- ----------------------------
-- Table structure for act_id_group
-- ----------------------------
DROP TABLE IF EXISTS `act_id_group`;
CREATE TABLE `act_id_group` (
  `ID_` varchar(64) COLLATE utf8_bin NOT NULL,
  `REV_` int(11) DEFAULT NULL,
  `NAME_` varchar(255) COLLATE utf8_bin DEFAULT NULL,
  `TYPE_` varchar(255) COLLATE utf8_bin DEFAULT NULL,
  PRIMARY KEY (`ID_`)
) ENGINE=InnoDB DEFAULT CHARSET=utf8 COLLATE=utf8_bin;

-- ----------------------------
-- Records of act_id_group
-- ----------------------------
INSERT INTO `act_id_group` VALUES ('业务员', '1', null, null);
INSERT INTO `act_id_group` VALUES ('仓库管理员', '1', null, null);
INSERT INTO `act_id_group` VALUES ('取派员', '1', null, null);

-- ----------------------------
-- Table structure for act_id_info
-- ----------------------------
DROP TABLE IF EXISTS `act_id_info`;
CREATE TABLE `act_id_info` (
  `ID_` varchar(64) COLLATE utf8_bin NOT NULL,
  `REV_` int(11) DEFAULT NULL,
  `USER_ID_` varchar(64) COLLATE utf8_bin DEFAULT NULL,
  `TYPE_` varchar(64) COLLATE utf8_bin DEFAULT NULL,
  `KEY_` varchar(255) COLLATE utf8_bin DEFAULT NULL,
  `VALUE_` varchar(255) COLLATE utf8_bin DEFAULT NULL,
  `PASSWORD_` longblob,
  `PARENT_ID_` varchar(255) COLLATE utf8_bin DEFAULT NULL,
  PRIMARY KEY (`ID_`)
) ENGINE=InnoDB DEFAULT CHARSET=utf8 COLLATE=utf8_bin;

-- ----------------------------
-- Records of act_id_info
-- ----------------------------

-- ----------------------------
-- Table structure for act_id_membership
-- ----------------------------
DROP TABLE IF EXISTS `act_id_membership`;
CREATE TABLE `act_id_membership` (
  `USER_ID_` varchar(64) COLLATE utf8_bin NOT NULL,
  `GROUP_ID_` varchar(64) COLLATE utf8_bin NOT NULL,
  PRIMARY KEY (`USER_ID_`,`GROUP_ID_`),
  KEY `ACT_FK_MEMB_GROUP` (`GROUP_ID_`),
  CONSTRAINT `ACT_FK_MEMB_GROUP` FOREIGN KEY (`GROUP_ID_`) REFERENCES `act_id_group` (`ID_`),
  CONSTRAINT `ACT_FK_MEMB_USER` FOREIGN KEY (`USER_ID_`) REFERENCES `act_id_user` (`ID_`)
) ENGINE=InnoDB DEFAULT CHARSET=utf8 COLLATE=utf8_bin;

-- ----------------------------
-- Records of act_id_membership
-- ----------------------------
INSERT INTO `act_id_membership` VALUES ('4028e28161383de80161383edd140000', '业务员');

-- ----------------------------
-- Table structure for act_id_user
-- ----------------------------
DROP TABLE IF EXISTS `act_id_user`;
CREATE TABLE `act_id_user` (
  `ID_` varchar(64) COLLATE utf8_bin NOT NULL,
  `REV_` int(11) DEFAULT NULL,
  `FIRST_` varchar(255) COLLATE utf8_bin DEFAULT NULL,
  `LAST_` varchar(255) COLLATE utf8_bin DEFAULT NULL,
  `EMAIL_` varchar(255) COLLATE utf8_bin DEFAULT NULL,
  `PWD_` varchar(255) COLLATE utf8_bin DEFAULT NULL,
  `PICTURE_ID_` varchar(64) COLLATE utf8_bin DEFAULT NULL,
  PRIMARY KEY (`ID_`)
) ENGINE=InnoDB DEFAULT CHARSET=utf8 COLLATE=utf8_bin;

-- ----------------------------
-- Records of act_id_user
-- ----------------------------
INSERT INTO `act_id_user` VALUES ('4028e28161383de80161383edd140000', '1', null, null, null, null, null);

-- ----------------------------
-- Table structure for act_procdef_info
-- ----------------------------
DROP TABLE IF EXISTS `act_procdef_info`;
CREATE TABLE `act_procdef_info` (
  `ID_` varchar(64) COLLATE utf8_bin NOT NULL,
  `PROC_DEF_ID_` varchar(64) COLLATE utf8_bin NOT NULL,
  `REV_` int(11) DEFAULT NULL,
  `INFO_JSON_ID_` varchar(64) COLLATE utf8_bin DEFAULT NULL,
  PRIMARY KEY (`ID_`),
  UNIQUE KEY `ACT_UNIQ_INFO_PROCDEF` (`PROC_DEF_ID_`),
  KEY `ACT_IDX_INFO_PROCDEF` (`PROC_DEF_ID_`),
  KEY `ACT_FK_INFO_JSON_BA` (`INFO_JSON_ID_`),
  CONSTRAINT `ACT_FK_INFO_JSON_BA` FOREIGN KEY (`INFO_JSON_ID_`) REFERENCES `act_ge_bytearray` (`ID_`),
  CONSTRAINT `ACT_FK_INFO_PROCDEF` FOREIGN KEY (`PROC_DEF_ID_`) REFERENCES `act_re_procdef` (`ID_`)
) ENGINE=InnoDB DEFAULT CHARSET=utf8 COLLATE=utf8_bin;

-- ----------------------------
-- Records of act_procdef_info
-- ----------------------------

-- ----------------------------
-- Table structure for act_re_deployment
-- ----------------------------
DROP TABLE IF EXISTS `act_re_deployment`;
CREATE TABLE `act_re_deployment` (
  `ID_` varchar(64) COLLATE utf8_bin NOT NULL,
  `NAME_` varchar(255) COLLATE utf8_bin DEFAULT NULL,
  `CATEGORY_` varchar(255) COLLATE utf8_bin DEFAULT NULL,
  `TENANT_ID_` varchar(255) COLLATE utf8_bin DEFAULT '',
  `DEPLOY_TIME_` timestamp(3) NULL DEFAULT NULL,
  PRIMARY KEY (`ID_`)
) ENGINE=InnoDB DEFAULT CHARSET=utf8 COLLATE=utf8_bin;

-- ----------------------------
-- Records of act_re_deployment
-- ----------------------------
INSERT INTO `act_re_deployment` VALUES ('1', null, null, '', '2018-01-24 22:53:59.725');

-- ----------------------------
-- Table structure for act_re_model
-- ----------------------------
DROP TABLE IF EXISTS `act_re_model`;
CREATE TABLE `act_re_model` (
  `ID_` varchar(64) COLLATE utf8_bin NOT NULL,
  `REV_` int(11) DEFAULT NULL,
  `NAME_` varchar(255) COLLATE utf8_bin DEFAULT NULL,
  `KEY_` varchar(255) COLLATE utf8_bin DEFAULT NULL,
  `CATEGORY_` varchar(255) COLLATE utf8_bin DEFAULT NULL,
  `CREATE_TIME_` timestamp(3) NULL DEFAULT NULL,
  `LAST_UPDATE_TIME_` timestamp(3) NULL DEFAULT NULL,
  `VERSION_` int(11) DEFAULT NULL,
  `META_INFO_` varchar(4000) COLLATE utf8_bin DEFAULT NULL,
  `DEPLOYMENT_ID_` varchar(64) COLLATE utf8_bin DEFAULT NULL,
  `EDITOR_SOURCE_VALUE_ID_` varchar(64) COLLATE utf8_bin DEFAULT NULL,
  `EDITOR_SOURCE_EXTRA_VALUE_ID_` varchar(64) COLLATE utf8_bin DEFAULT NULL,
  `TENANT_ID_` varchar(255) COLLATE utf8_bin DEFAULT '',
  PRIMARY KEY (`ID_`),
  KEY `ACT_FK_MODEL_SOURCE` (`EDITOR_SOURCE_VALUE_ID_`),
  KEY `ACT_FK_MODEL_SOURCE_EXTRA` (`EDITOR_SOURCE_EXTRA_VALUE_ID_`),
  KEY `ACT_FK_MODEL_DEPLOYMENT` (`DEPLOYMENT_ID_`),
  CONSTRAINT `ACT_FK_MODEL_DEPLOYMENT` FOREIGN KEY (`DEPLOYMENT_ID_`) REFERENCES `act_re_deployment` (`ID_`),
  CONSTRAINT `ACT_FK_MODEL_SOURCE` FOREIGN KEY (`EDITOR_SOURCE_VALUE_ID_`) REFERENCES `act_ge_bytearray` (`ID_`),
  CONSTRAINT `ACT_FK_MODEL_SOURCE_EXTRA` FOREIGN KEY (`EDITOR_SOURCE_EXTRA_VALUE_ID_`) REFERENCES `act_ge_bytearray` (`ID_`)
) ENGINE=InnoDB DEFAULT CHARSET=utf8 COLLATE=utf8_bin;

-- ----------------------------
-- Records of act_re_model
-- ----------------------------

-- ----------------------------
-- Table structure for act_re_procdef
-- ----------------------------
DROP TABLE IF EXISTS `act_re_procdef`;
CREATE TABLE `act_re_procdef` (
  `ID_` varchar(64) COLLATE utf8_bin NOT NULL,
  `REV_` int(11) DEFAULT NULL,
  `CATEGORY_` varchar(255) COLLATE utf8_bin DEFAULT NULL,
  `NAME_` varchar(255) COLLATE utf8_bin DEFAULT NULL,
  `KEY_` varchar(255) COLLATE utf8_bin NOT NULL,
  `VERSION_` int(11) NOT NULL,
  `DEPLOYMENT_ID_` varchar(64) COLLATE utf8_bin DEFAULT NULL,
  `RESOURCE_NAME_` varchar(4000) COLLATE utf8_bin DEFAULT NULL,
  `DGRM_RESOURCE_NAME_` varchar(4000) COLLATE utf8_bin DEFAULT NULL,
  `DESCRIPTION_` varchar(4000) COLLATE utf8_bin DEFAULT NULL,
  `HAS_START_FORM_KEY_` tinyint(4) DEFAULT NULL,
  `HAS_GRAPHICAL_NOTATION_` tinyint(4) DEFAULT NULL,
  `SUSPENSION_STATE_` int(11) DEFAULT NULL,
  `TENANT_ID_` varchar(255) COLLATE utf8_bin DEFAULT '',
  PRIMARY KEY (`ID_`),
  UNIQUE KEY `ACT_UNIQ_PROCDEF` (`KEY_`,`VERSION_`,`TENANT_ID_`)
) ENGINE=InnoDB DEFAULT CHARSET=utf8 COLLATE=utf8_bin;

-- ----------------------------
-- Records of act_re_procdef
-- ----------------------------
INSERT INTO `act_re_procdef` VALUES ('bxlc:1:4', '1', 'http://www.activiti.org/test', '报销流程', 'bxlc', '1', '1', 'com/itheima/activiti/variable/bxlc.bpmn', 'com/itheima/activiti/variable/bxlc.png', null, '0', '1', '1', '');

-- ----------------------------
-- Table structure for act_ru_event_subscr
-- ----------------------------
DROP TABLE IF EXISTS `act_ru_event_subscr`;
CREATE TABLE `act_ru_event_subscr` (
  `ID_` varchar(64) COLLATE utf8_bin NOT NULL,
  `REV_` int(11) DEFAULT NULL,
  `EVENT_TYPE_` varchar(255) COLLATE utf8_bin NOT NULL,
  `EVENT_NAME_` varchar(255) COLLATE utf8_bin DEFAULT NULL,
  `EXECUTION_ID_` varchar(64) COLLATE utf8_bin DEFAULT NULL,
  `PROC_INST_ID_` varchar(64) COLLATE utf8_bin DEFAULT NULL,
  `ACTIVITY_ID_` varchar(64) COLLATE utf8_bin DEFAULT NULL,
  `CONFIGURATION_` varchar(255) COLLATE utf8_bin DEFAULT NULL,
  `CREATED_` timestamp(3) NOT NULL DEFAULT CURRENT_TIMESTAMP(3),
  `PROC_DEF_ID_` varchar(64) COLLATE utf8_bin DEFAULT NULL,
  `TENANT_ID_` varchar(255) COLLATE utf8_bin DEFAULT '',
  PRIMARY KEY (`ID_`),
  KEY `ACT_IDX_EVENT_SUBSCR_CONFIG_` (`CONFIGURATION_`),
  KEY `ACT_FK_EVENT_EXEC` (`EXECUTION_ID_`),
  CONSTRAINT `ACT_FK_EVENT_EXEC` FOREIGN KEY (`EXECUTION_ID_`) REFERENCES `act_ru_execution` (`ID_`)
) ENGINE=InnoDB DEFAULT CHARSET=utf8 COLLATE=utf8_bin;

-- ----------------------------
-- Records of act_ru_event_subscr
-- ----------------------------

-- ----------------------------
-- Table structure for act_ru_execution
-- ----------------------------
DROP TABLE IF EXISTS `act_ru_execution`;
CREATE TABLE `act_ru_execution` (
  `ID_` varchar(64) COLLATE utf8_bin NOT NULL,
  `REV_` int(11) DEFAULT NULL,
  `PROC_INST_ID_` varchar(64) COLLATE utf8_bin DEFAULT NULL,
  `BUSINESS_KEY_` varchar(255) COLLATE utf8_bin DEFAULT NULL,
  `PARENT_ID_` varchar(64) COLLATE utf8_bin DEFAULT NULL,
  `PROC_DEF_ID_` varchar(64) COLLATE utf8_bin DEFAULT NULL,
  `SUPER_EXEC_` varchar(64) COLLATE utf8_bin DEFAULT NULL,
  `ACT_ID_` varchar(255) COLLATE utf8_bin DEFAULT NULL,
  `IS_ACTIVE_` tinyint(4) DEFAULT NULL,
  `IS_CONCURRENT_` tinyint(4) DEFAULT NULL,
  `IS_SCOPE_` tinyint(4) DEFAULT NULL,
  `IS_EVENT_SCOPE_` tinyint(4) DEFAULT NULL,
  `SUSPENSION_STATE_` int(11) DEFAULT NULL,
  `CACHED_ENT_STATE_` int(11) DEFAULT NULL,
  `TENANT_ID_` varchar(255) COLLATE utf8_bin DEFAULT '',
  `NAME_` varchar(255) COLLATE utf8_bin DEFAULT NULL,
  `LOCK_TIME_` timestamp(3) NULL DEFAULT NULL,
  PRIMARY KEY (`ID_`),
  KEY `ACT_IDX_EXEC_BUSKEY` (`BUSINESS_KEY_`),
  KEY `ACT_FK_EXE_PROCINST` (`PROC_INST_ID_`),
  KEY `ACT_FK_EXE_PARENT` (`PARENT_ID_`),
  KEY `ACT_FK_EXE_SUPER` (`SUPER_EXEC_`),
  KEY `ACT_FK_EXE_PROCDEF` (`PROC_DEF_ID_`),
  CONSTRAINT `ACT_FK_EXE_PARENT` FOREIGN KEY (`PARENT_ID_`) REFERENCES `act_ru_execution` (`ID_`),
  CONSTRAINT `ACT_FK_EXE_PROCDEF` FOREIGN KEY (`PROC_DEF_ID_`) REFERENCES `act_re_procdef` (`ID_`),
  CONSTRAINT `ACT_FK_EXE_PROCINST` FOREIGN KEY (`PROC_INST_ID_`) REFERENCES `act_ru_execution` (`ID_`) ON DELETE CASCADE ON UPDATE CASCADE,
  CONSTRAINT `ACT_FK_EXE_SUPER` FOREIGN KEY (`SUPER_EXEC_`) REFERENCES `act_ru_execution` (`ID_`)
) ENGINE=InnoDB DEFAULT CHARSET=utf8 COLLATE=utf8_bin;

-- ----------------------------
-- Records of act_ru_execution
-- ----------------------------
INSERT INTO `act_ru_execution` VALUES ('2501', '2', '2501', null, null, 'bxlc:1:4', null, 'usertask2', '1', '0', '1', '0', '1', '2', '', null, null);

-- ----------------------------
-- Table structure for act_ru_identitylink
-- ----------------------------
DROP TABLE IF EXISTS `act_ru_identitylink`;
CREATE TABLE `act_ru_identitylink` (
  `ID_` varchar(64) COLLATE utf8_bin NOT NULL,
  `REV_` int(11) DEFAULT NULL,
  `GROUP_ID_` varchar(255) COLLATE utf8_bin DEFAULT NULL,
  `TYPE_` varchar(255) COLLATE utf8_bin DEFAULT NULL,
  `USER_ID_` varchar(255) COLLATE utf8_bin DEFAULT NULL,
  `TASK_ID_` varchar(64) COLLATE utf8_bin DEFAULT NULL,
  `PROC_INST_ID_` varchar(64) COLLATE utf8_bin DEFAULT NULL,
  `PROC_DEF_ID_` varchar(64) COLLATE utf8_bin DEFAULT NULL,
  PRIMARY KEY (`ID_`),
  KEY `ACT_IDX_IDENT_LNK_USER` (`USER_ID_`),
  KEY `ACT_IDX_IDENT_LNK_GROUP` (`GROUP_ID_`),
  KEY `ACT_IDX_ATHRZ_PROCEDEF` (`PROC_DEF_ID_`),
  KEY `ACT_FK_TSKASS_TASK` (`TASK_ID_`),
  KEY `ACT_FK_IDL_PROCINST` (`PROC_INST_ID_`),
  CONSTRAINT `ACT_FK_ATHRZ_PROCEDEF` FOREIGN KEY (`PROC_DEF_ID_`) REFERENCES `act_re_procdef` (`ID_`),
  CONSTRAINT `ACT_FK_IDL_PROCINST` FOREIGN KEY (`PROC_INST_ID_`) REFERENCES `act_ru_execution` (`ID_`),
  CONSTRAINT `ACT_FK_TSKASS_TASK` FOREIGN KEY (`TASK_ID_`) REFERENCES `act_ru_task` (`ID_`)
) ENGINE=InnoDB DEFAULT CHARSET=utf8 COLLATE=utf8_bin;

-- ----------------------------
-- Records of act_ru_identitylink
-- ----------------------------
INSERT INTO `act_ru_identitylink` VALUES ('2507', '1', null, 'participant', '小王', null, '2501', null);
INSERT INTO `act_ru_identitylink` VALUES ('5005', '1', null, 'participant', '李四', null, '2501', null);

-- ----------------------------
-- Table structure for act_ru_job
-- ----------------------------
DROP TABLE IF EXISTS `act_ru_job`;
CREATE TABLE `act_ru_job` (
  `ID_` varchar(64) COLLATE utf8_bin NOT NULL,
  `REV_` int(11) DEFAULT NULL,
  `TYPE_` varchar(255) COLLATE utf8_bin NOT NULL,
  `LOCK_EXP_TIME_` timestamp(3) NULL DEFAULT NULL,
  `LOCK_OWNER_` varchar(255) COLLATE utf8_bin DEFAULT NULL,
  `EXCLUSIVE_` tinyint(1) DEFAULT NULL,
  `EXECUTION_ID_` varchar(64) COLLATE utf8_bin DEFAULT NULL,
  `PROCESS_INSTANCE_ID_` varchar(64) COLLATE utf8_bin DEFAULT NULL,
  `PROC_DEF_ID_` varchar(64) COLLATE utf8_bin DEFAULT NULL,
  `RETRIES_` int(11) DEFAULT NULL,
  `EXCEPTION_STACK_ID_` varchar(64) COLLATE utf8_bin DEFAULT NULL,
  `EXCEPTION_MSG_` varchar(4000) COLLATE utf8_bin DEFAULT NULL,
  `DUEDATE_` timestamp(3) NULL DEFAULT NULL,
  `REPEAT_` varchar(255) COLLATE utf8_bin DEFAULT NULL,
  `HANDLER_TYPE_` varchar(255) COLLATE utf8_bin DEFAULT NULL,
  `HANDLER_CFG_` varchar(4000) COLLATE utf8_bin DEFAULT NULL,
  `TENANT_ID_` varchar(255) COLLATE utf8_bin DEFAULT '',
  PRIMARY KEY (`ID_`),
  KEY `ACT_FK_JOB_EXCEPTION` (`EXCEPTION_STACK_ID_`),
  CONSTRAINT `ACT_FK_JOB_EXCEPTION` FOREIGN KEY (`EXCEPTION_STACK_ID_`) REFERENCES `act_ge_bytearray` (`ID_`)
) ENGINE=InnoDB DEFAULT CHARSET=utf8 COLLATE=utf8_bin;

-- ----------------------------
-- Records of act_ru_job
-- ----------------------------

-- ----------------------------
-- Table structure for act_ru_task
-- ----------------------------
DROP TABLE IF EXISTS `act_ru_task`;
CREATE TABLE `act_ru_task` (
  `ID_` varchar(64) COLLATE utf8_bin NOT NULL,
  `REV_` int(11) DEFAULT NULL,
  `EXECUTION_ID_` varchar(64) COLLATE utf8_bin DEFAULT NULL,
  `PROC_INST_ID_` varchar(64) COLLATE utf8_bin DEFAULT NULL,
  `PROC_DEF_ID_` varchar(64) COLLATE utf8_bin DEFAULT NULL,
  `NAME_` varchar(255) COLLATE utf8_bin DEFAULT NULL,
  `PARENT_TASK_ID_` varchar(64) COLLATE utf8_bin DEFAULT NULL,
  `DESCRIPTION_` varchar(4000) COLLATE utf8_bin DEFAULT NULL,
  `TASK_DEF_KEY_` varchar(255) COLLATE utf8_bin DEFAULT NULL,
  `OWNER_` varchar(255) COLLATE utf8_bin DEFAULT NULL,
  `ASSIGNEE_` varchar(255) COLLATE utf8_bin DEFAULT NULL,
  `DELEGATION_` varchar(64) COLLATE utf8_bin DEFAULT NULL,
  `PRIORITY_` int(11) DEFAULT NULL,
  `CREATE_TIME_` timestamp(3) NULL DEFAULT NULL,
  `DUE_DATE_` datetime(3) DEFAULT NULL,
  `CATEGORY_` varchar(255) COLLATE utf8_bin DEFAULT NULL,
  `SUSPENSION_STATE_` int(11) DEFAULT NULL,
  `TENANT_ID_` varchar(255) COLLATE utf8_bin DEFAULT '',
  `FORM_KEY_` varchar(255) COLLATE utf8_bin DEFAULT NULL,
  PRIMARY KEY (`ID_`),
  KEY `ACT_IDX_TASK_CREATE` (`CREATE_TIME_`),
  KEY `ACT_FK_TASK_EXE` (`EXECUTION_ID_`),
  KEY `ACT_FK_TASK_PROCINST` (`PROC_INST_ID_`),
  KEY `ACT_FK_TASK_PROCDEF` (`PROC_DEF_ID_`),
  CONSTRAINT `ACT_FK_TASK_EXE` FOREIGN KEY (`EXECUTION_ID_`) REFERENCES `act_ru_execution` (`ID_`),
  CONSTRAINT `ACT_FK_TASK_PROCDEF` FOREIGN KEY (`PROC_DEF_ID_`) REFERENCES `act_re_procdef` (`ID_`),
  CONSTRAINT `ACT_FK_TASK_PROCINST` FOREIGN KEY (`PROC_INST_ID_`) REFERENCES `act_ru_execution` (`ID_`)
) ENGINE=InnoDB DEFAULT CHARSET=utf8 COLLATE=utf8_bin;

-- ----------------------------
-- Records of act_ru_task
-- ----------------------------
INSERT INTO `act_ru_task` VALUES ('5004', '1', '2501', '2501', 'bxlc:1:4', '财务人员审批', null, null, 'usertask2', null, '李四', null, '50', '2018-01-24 22:54:49.975', null, null, '1', '', null);

-- ----------------------------
-- Table structure for act_ru_variable
-- ----------------------------
DROP TABLE IF EXISTS `act_ru_variable`;
CREATE TABLE `act_ru_variable` (
  `ID_` varchar(64) COLLATE utf8_bin NOT NULL,
  `REV_` int(11) DEFAULT NULL,
  `TYPE_` varchar(255) COLLATE utf8_bin NOT NULL,
  `NAME_` varchar(255) COLLATE utf8_bin NOT NULL,
  `EXECUTION_ID_` varchar(64) COLLATE utf8_bin DEFAULT NULL,
  `PROC_INST_ID_` varchar(64) COLLATE utf8_bin DEFAULT NULL,
  `TASK_ID_` varchar(64) COLLATE utf8_bin DEFAULT NULL,
  `BYTEARRAY_ID_` varchar(64) COLLATE utf8_bin DEFAULT NULL,
  `DOUBLE_` double DEFAULT NULL,
  `LONG_` bigint(20) DEFAULT NULL,
  `TEXT_` varchar(4000) COLLATE utf8_bin DEFAULT NULL,
  `TEXT2_` varchar(4000) COLLATE utf8_bin DEFAULT NULL,
  PRIMARY KEY (`ID_`),
  KEY `ACT_IDX_VARIABLE_TASK_ID` (`TASK_ID_`),
  KEY `ACT_FK_VAR_EXE` (`EXECUTION_ID_`),
  KEY `ACT_FK_VAR_PROCINST` (`PROC_INST_ID_`),
  KEY `ACT_FK_VAR_BYTEARRAY` (`BYTEARRAY_ID_`),
  CONSTRAINT `ACT_FK_VAR_BYTEARRAY` FOREIGN KEY (`BYTEARRAY_ID_`) REFERENCES `act_ge_bytearray` (`ID_`),
  CONSTRAINT `ACT_FK_VAR_EXE` FOREIGN KEY (`EXECUTION_ID_`) REFERENCES `act_ru_execution` (`ID_`),
  CONSTRAINT `ACT_FK_VAR_PROCINST` FOREIGN KEY (`PROC_INST_ID_`) REFERENCES `act_ru_execution` (`ID_`)
) ENGINE=InnoDB DEFAULT CHARSET=utf8 COLLATE=utf8_bin;

-- ----------------------------
-- Records of act_ru_variable
-- ----------------------------
INSERT INTO `act_ru_variable` VALUES ('2503', '1', 'string', 'key1', '2501', '2501', null, null, null, null, 'value1', null);
INSERT INTO `act_ru_variable` VALUES ('2504', '1', 'string', 'loginUser', '2501', '2501', null, null, null, null, '小王', null);
INSERT INTO `act_ru_variable` VALUES ('5001', '1', 'integer', 'qjts', '2501', '2501', null, null, null, '365', '365', null);
INSERT INTO `act_ru_variable` VALUES ('5002', '1', 'string', 'qjyy', '2501', '2501', null, null, null, null, '不想上班', null);

-- ----------------------------
-- Table structure for auth_function
-- ----------------------------
DROP TABLE IF EXISTS `auth_function`;
CREATE TABLE `auth_function` (
  `id` varchar(32) NOT NULL,
  `name` varchar(255) DEFAULT NULL,
  `code` varchar(255) DEFAULT NULL,
  `description` varchar(255) DEFAULT NULL,
  `page` varchar(255) DEFAULT NULL,
  `generatemenu` varchar(255) DEFAULT NULL,
  `zindex` int(11) DEFAULT NULL,
  `pid` varchar(32) DEFAULT NULL,
  PRIMARY KEY (`id`),
  KEY `AK_Key_2` (`name`),
  KEY `FK_pid` (`pid`),
  CONSTRAINT `FK_pid` FOREIGN KEY (`pid`) REFERENCES `auth_function` (`id`)
) ENGINE=InnoDB DEFAULT CHARSET=utf8;

-- ----------------------------
-- Records of auth_function
-- ----------------------------
INSERT INTO `auth_function` VALUES ('11', '基础档案', 'jichudangan', null, null, '1', '0', null);
INSERT INTO `auth_function` VALUES ('112', '收派标准', 'standard', null, 'page/base_standard', '1', '1', '11');
INSERT INTO `auth_function` VALUES ('113', '取派员设置', 'staff', null, 'page/base_staff', '1', '2', '11');
INSERT INTO `auth_function` VALUES ('114', '区域设置', 'region', null, 'page/base_region', '1', '3', '11');
INSERT INTO `auth_function` VALUES ('115', '管理分区', 'subarea', null, 'page/base_subarea', '1', '4', '11');
INSERT INTO `auth_function` VALUES ('116', '管理定区/调度排班', 'decidedzone', null, 'page/base_decidedzone', '1', '5', '11');
INSERT INTO `auth_function` VALUES ('12', '受理', 'shouli', null, null, '1', '1', null);
INSERT INTO `auth_function` VALUES ('121', '业务受理', 'noticebill', null, 'page/qupai_noticebilladd', '1', '0', '12');
INSERT INTO `auth_function` VALUES ('122', '工作单快速录入', 'quickworkordermanage', null, 'page/qupai_quickworkorder', '1', '1', '12');
INSERT INTO `auth_function` VALUES ('124', '工作单导入', 'workordermanageimport', null, 'page/qupai_workorderimport', '1', '3', '12');
INSERT INTO `auth_function` VALUES ('13', '调度', 'diaodu', null, null, '1', '2', null);
INSERT INTO `auth_function` VALUES ('131', '查台转单', 'changestaff', null, null, '1', '0', '13');
INSERT INTO `auth_function` VALUES ('132', '人工调度', 'personalassign', null, 'page/qupai_diaodu', '1', '1', '13');
INSERT INTO `auth_function` VALUES ('14', '物流配送流程管理', 'zhongzhuan', null, null, '1', '3', null);
INSERT INTO `auth_function` VALUES ('141', '启动配送流程', 'start', null, 'workOrderManage/list', '1', '0', '14');
INSERT INTO `auth_function` VALUES ('142', '查看个人任务', 'personaltask', null, 'task/findPersonalTask', '1', '1', '14');
INSERT INTO `auth_function` VALUES ('143', '查看我的组任务', 'grouptask', null, 'task/findGroupTask', '1', '2', '14');

-- ----------------------------
-- Table structure for auth_function_functions
-- ----------------------------
DROP TABLE IF EXISTS `auth_function_functions`;
CREATE TABLE `auth_function_functions` (
  `auth_function` varchar(255) NOT NULL,
  `functions` varchar(255) NOT NULL,
  PRIMARY KEY (`auth_function`,`functions`),
  UNIQUE KEY `UK_h5kdxtkv5x7tkcm6k1v64oso8` (`functions`),
  CONSTRAINT `FK_4yjc8orqehiywq123brfvjkrr` FOREIGN KEY (`auth_function`) REFERENCES `auth_function` (`id`),
  CONSTRAINT `FK_h5kdxtkv5x7tkcm6k1v64oso8` FOREIGN KEY (`functions`) REFERENCES `auth_function` (`id`)
) ENGINE=InnoDB DEFAULT CHARSET=utf8;

-- ----------------------------
-- Records of auth_function_functions
-- ----------------------------

-- ----------------------------
-- Table structure for auth_role
-- ----------------------------
DROP TABLE IF EXISTS `auth_role`;
CREATE TABLE `auth_role` (
  `id` varchar(32) NOT NULL,
  `name` varchar(255) DEFAULT NULL,
  `code` varchar(255) DEFAULT NULL,
  `description` varchar(255) DEFAULT NULL,
  PRIMARY KEY (`id`),
  KEY `AK_Key_2` (`name`)
) ENGINE=InnoDB DEFAULT CHARSET=utf8;

-- ----------------------------
-- Records of auth_role
-- ----------------------------
INSERT INTO `auth_role` VALUES ('4028e2816138303e016138335c7a0000', '业务员', 'ywy', '');
INSERT INTO `auth_role` VALUES ('4028e2816138303e01613833f61e0001', '仓库管理员', 'ckgly', '');
INSERT INTO `auth_role` VALUES ('4028e2816138303e0161383426ea0002', '取派员', 'qpy', '');

-- ----------------------------
-- Table structure for auth_role_function
-- ----------------------------
DROP TABLE IF EXISTS `auth_role_function`;
CREATE TABLE `auth_role_function` (
  `role_id` varchar(32) NOT NULL,
  `function_id` varchar(32) NOT NULL,
  PRIMARY KEY (`role_id`,`function_id`),
  KEY `FK_function_id` (`function_id`),
  CONSTRAINT `FK_f_role_id` FOREIGN KEY (`role_id`) REFERENCES `auth_role` (`id`),
  CONSTRAINT `FK_function_id` FOREIGN KEY (`function_id`) REFERENCES `auth_function` (`id`)
) ENGINE=InnoDB DEFAULT CHARSET=utf8;

-- ----------------------------
-- Records of auth_role_function
-- ----------------------------
INSERT INTO `auth_role_function` VALUES ('4028e2816138303e016138335c7a0000', '11');
INSERT INTO `auth_role_function` VALUES ('4028e2816138303e01613833f61e0001', '11');
INSERT INTO `auth_role_function` VALUES ('4028e2816138303e0161383426ea0002', '11');
INSERT INTO `auth_role_function` VALUES ('4028e2816138303e016138335c7a0000', '112');
INSERT INTO `auth_role_function` VALUES ('4028e2816138303e01613833f61e0001', '112');
INSERT INTO `auth_role_function` VALUES ('4028e2816138303e0161383426ea0002', '112');
INSERT INTO `auth_role_function` VALUES ('4028e2816138303e016138335c7a0000', '113');
INSERT INTO `auth_role_function` VALUES ('4028e2816138303e01613833f61e0001', '113');
INSERT INTO `auth_role_function` VALUES ('4028e2816138303e0161383426ea0002', '113');
INSERT INTO `auth_role_function` VALUES ('4028e2816138303e016138335c7a0000', '114');
INSERT INTO `auth_role_function` VALUES ('4028e2816138303e01613833f61e0001', '114');
INSERT INTO `auth_role_function` VALUES ('4028e2816138303e0161383426ea0002', '114');
INSERT INTO `auth_role_function` VALUES ('4028e2816138303e016138335c7a0000', '115');
INSERT INTO `auth_role_function` VALUES ('4028e2816138303e01613833f61e0001', '115');
INSERT INTO `auth_role_function` VALUES ('4028e2816138303e0161383426ea0002', '115');
INSERT INTO `auth_role_function` VALUES ('4028e2816138303e016138335c7a0000', '116');
INSERT INTO `auth_role_function` VALUES ('4028e2816138303e01613833f61e0001', '116');
INSERT INTO `auth_role_function` VALUES ('4028e2816138303e0161383426ea0002', '116');
INSERT INTO `auth_role_function` VALUES ('4028e2816138303e016138335c7a0000', '12');
INSERT INTO `auth_role_function` VALUES ('4028e2816138303e0161383426ea0002', '12');
INSERT INTO `auth_role_function` VALUES ('4028e2816138303e016138335c7a0000', '121');
INSERT INTO `auth_role_function` VALUES ('4028e2816138303e0161383426ea0002', '121');
INSERT INTO `auth_role_function` VALUES ('4028e2816138303e016138335c7a0000', '122');
INSERT INTO `auth_role_function` VALUES ('4028e2816138303e0161383426ea0002', '122');
INSERT INTO `auth_role_function` VALUES ('4028e2816138303e016138335c7a0000', '124');
INSERT INTO `auth_role_function` VALUES ('4028e2816138303e0161383426ea0002', '124');
INSERT INTO `auth_role_function` VALUES ('4028e2816138303e01613833f61e0001', '13');
INSERT INTO `auth_role_function` VALUES ('4028e2816138303e01613833f61e0001', '131');
INSERT INTO `auth_role_function` VALUES ('4028e2816138303e01613833f61e0001', '132');
INSERT INTO `auth_role_function` VALUES ('4028e2816138303e01613833f61e0001', '14');
INSERT INTO `auth_role_function` VALUES ('4028e2816138303e0161383426ea0002', '14');
INSERT INTO `auth_role_function` VALUES ('4028e2816138303e01613833f61e0001', '141');
INSERT INTO `auth_role_function` VALUES ('4028e2816138303e0161383426ea0002', '141');
INSERT INTO `auth_role_function` VALUES ('4028e2816138303e01613833f61e0001', '142');
INSERT INTO `auth_role_function` VALUES ('4028e2816138303e0161383426ea0002', '142');
INSERT INTO `auth_role_function` VALUES ('4028e2816138303e01613833f61e0001', '143');
INSERT INTO `auth_role_function` VALUES ('4028e2816138303e0161383426ea0002', '143');

-- ----------------------------
-- Table structure for auth_role_functions
-- ----------------------------
DROP TABLE IF EXISTS `auth_role_functions`;
CREATE TABLE `auth_role_functions` (
  `auth_role` varchar(255) NOT NULL,
  `functions` varchar(255) NOT NULL,
  PRIMARY KEY (`auth_role`,`functions`),
  KEY `FK_7mj9ujeswloeyp4ldw7y6h5cr` (`functions`),
  CONSTRAINT `FK_44iux0k7xp05krvvfpa8q7uda` FOREIGN KEY (`auth_role`) REFERENCES `auth_role` (`id`),
  CONSTRAINT `FK_7mj9ujeswloeyp4ldw7y6h5cr` FOREIGN KEY (`functions`) REFERENCES `auth_function` (`id`)
) ENGINE=InnoDB DEFAULT CHARSET=utf8;

-- ----------------------------
-- Records of auth_role_functions
-- ----------------------------

-- ----------------------------
-- Table structure for auth_role_users
-- ----------------------------
DROP TABLE IF EXISTS `auth_role_users`;
CREATE TABLE `auth_role_users` (
  `auth_role` varchar(255) NOT NULL,
  `users` varchar(255) NOT NULL,
  PRIMARY KEY (`auth_role`,`users`),
  KEY `FK_pxvxdxafb209xxyox54a644i7` (`users`),
  CONSTRAINT `FK_4elnyyggku19pomqo8yo8aegf` FOREIGN KEY (`auth_role`) REFERENCES `auth_role` (`id`),
  CONSTRAINT `FK_pxvxdxafb209xxyox54a644i7` FOREIGN KEY (`users`) REFERENCES `auth_user` (`id`)
) ENGINE=InnoDB DEFAULT CHARSET=utf8;

-- ----------------------------
-- Records of auth_role_users
-- ----------------------------

-- ----------------------------
-- Table structure for auth_user
-- ----------------------------
DROP TABLE IF EXISTS `auth_user`;
CREATE TABLE `auth_user` (
  `id` varchar(32) NOT NULL,
  `username` varchar(20) DEFAULT NULL,
  `password` varchar(32) DEFAULT NULL,
  `salary` double DEFAULT NULL,
  `birthday` date DEFAULT NULL,
  `gender` varchar(10) DEFAULT NULL,
  `station` varchar(40) DEFAULT NULL,
  `telephone` varchar(11) DEFAULT NULL,
  `remark` varchar(255) DEFAULT NULL,
  PRIMARY KEY (`id`)
) ENGINE=InnoDB DEFAULT CHARSET=utf8;

-- ----------------------------
-- Records of auth_user
-- ----------------------------
INSERT INTO `auth_user` VALUES ('4028e2816118c03b016118c10c870000', 'add', 'c4ca4238a0b923820dcc509a6f75849b', '1111', '2018-01-05', '女', '', '111', null);
INSERT INTO `auth_user` VALUES ('4028e28161383de80161383edd140000', 'user1', '202cb962ac59075b964b07152d234b70', '1000', '2018-01-11', '男', '营业所', '13511373333', null);
INSERT INTO `auth_user` VALUES ('6379820panda', 'admin', 'c4ca4238a0b923820dcc509a6f75849b', '10000', '1992-09-10', '男', '超级管理员', '18234134099', null);

-- ----------------------------
-- Table structure for auth_user_noticebills
-- ----------------------------
DROP TABLE IF EXISTS `auth_user_noticebills`;
CREATE TABLE `auth_user_noticebills` (
  `auth_user` varchar(255) NOT NULL,
  `noticebills` varchar(255) NOT NULL,
  PRIMARY KEY (`auth_user`,`noticebills`),
  UNIQUE KEY `UK_h8mppktuvfyidlp43eyqtns8u` (`noticebills`),
  CONSTRAINT `FK_1ubqo3in7dienwb2jcuoxty4m` FOREIGN KEY (`auth_user`) REFERENCES `auth_user` (`id`),
  CONSTRAINT `FK_h8mppktuvfyidlp43eyqtns8u` FOREIGN KEY (`noticebills`) REFERENCES `qp_noticebill` (`id`)
) ENGINE=InnoDB DEFAULT CHARSET=utf8;

-- ----------------------------
-- Records of auth_user_noticebills
-- ----------------------------

-- ----------------------------
-- Table structure for auth_user_role
-- ----------------------------
DROP TABLE IF EXISTS `auth_user_role`;
CREATE TABLE `auth_user_role` (
  `user_id` varchar(32) NOT NULL,
  `role_id` varchar(32) NOT NULL,
  PRIMARY KEY (`user_id`,`role_id`),
  KEY `FK_role_id` (`role_id`),
  CONSTRAINT `FK_role_id` FOREIGN KEY (`role_id`) REFERENCES `auth_role` (`id`),
  CONSTRAINT `FK_user_id` FOREIGN KEY (`user_id`) REFERENCES `auth_user` (`id`)
) ENGINE=InnoDB DEFAULT CHARSET=utf8;

-- ----------------------------
-- Records of auth_user_role
-- ----------------------------
INSERT INTO `auth_user_role` VALUES ('4028e28161383de80161383edd140000', '4028e2816138303e016138335c7a0000');

-- ----------------------------
-- Table structure for bc_decidedzone
-- ----------------------------
DROP TABLE IF EXISTS `bc_decidedzone`;
CREATE TABLE `bc_decidedzone` (
  `id` varchar(32) NOT NULL,
  `name` varchar(30) DEFAULT NULL,
  `staff_id` varchar(32) DEFAULT NULL,
  PRIMARY KEY (`id`),
  KEY `FK_decidedzone_staff` (`staff_id`),
  CONSTRAINT `FK_decidedzone_staff` FOREIGN KEY (`staff_id`) REFERENCES `bc_staff` (`id`)
) ENGINE=InnoDB DEFAULT CHARSET=utf8;

-- ----------------------------
-- Records of bc_decidedzone
-- ----------------------------
INSERT INTO `bc_decidedzone` VALUES ('dq001', '京城崇文区', '4028d4815dfe1aa1015dfe1e79a30a16');

-- ----------------------------
-- Table structure for bc_decidedzone_subareas
-- ----------------------------
DROP TABLE IF EXISTS `bc_decidedzone_subareas`;
CREATE TABLE `bc_decidedzone_subareas` (
  `bc_decidedzone` varchar(255) NOT NULL,
  `subareas` varchar(255) NOT NULL,
  PRIMARY KEY (`bc_decidedzone`,`subareas`),
  UNIQUE KEY `UK_6u3ifpyreybfvg4tof6raktex` (`subareas`),
  CONSTRAINT `FK_6u3ifpyreybfvg4tof6raktex` FOREIGN KEY (`subareas`) REFERENCES `bc_subarea` (`id`),
  CONSTRAINT `FK_t6nwb9tkdsb083cv5vdxny3g3` FOREIGN KEY (`bc_decidedzone`) REFERENCES `bc_decidedzone` (`id`)
) ENGINE=InnoDB DEFAULT CHARSET=utf8;

-- ----------------------------
-- Records of bc_decidedzone_subareas
-- ----------------------------

-- ----------------------------
-- Table structure for bc_region
-- ----------------------------
DROP TABLE IF EXISTS `bc_region`;
CREATE TABLE `bc_region` (
  `id` varchar(32) NOT NULL,
  `province` varchar(50) DEFAULT NULL,
  `city` varchar(50) DEFAULT NULL,
  `district` varchar(50) DEFAULT NULL,
  `postcode` varchar(50) DEFAULT NULL,
  `shortcode` varchar(30) DEFAULT NULL,
  `citycode` varchar(30) DEFAULT NULL,
  PRIMARY KEY (`id`)
) ENGINE=InnoDB DEFAULT CHARSET=utf8;

-- ----------------------------
-- Records of bc_region
-- ----------------------------
INSERT INTO `bc_region` VALUES ('QY001', '北京市', '北京市', '东城区', '110101', 'BJBJDC', 'beijing');
INSERT INTO `bc_region` VALUES ('QY002', '北京市', '北京市', '西城区', '110102', 'BJBJXC', 'beijing');
INSERT INTO `bc_region` VALUES ('QY003', '北京市', '北京市', '朝阳区', '110105', 'BJBJCY', 'beijing');
INSERT INTO `bc_region` VALUES ('QY004', '北京市', '北京市', '丰台区', '110106', 'BJBJFT', 'beijing');
INSERT INTO `bc_region` VALUES ('QY005', '北京市', '北京市', '石景山区', '110107', 'BJBJSJS', 'beijing');
INSERT INTO `bc_region` VALUES ('QY006', '北京市', '北京市', '海淀区', '110108', 'BJBJHD', 'beijing');
INSERT INTO `bc_region` VALUES ('QY007', '北京市', '北京市', '门头沟区', '110109', 'BJBJMTG', 'beijing');
INSERT INTO `bc_region` VALUES ('QY008', '北京市', '北京市', '房山区', '110111', 'BJBJFS', 'beijing');
INSERT INTO `bc_region` VALUES ('QY009', '北京市', '北京市', '通州区', '110112', 'BJBJTZ', 'beijing');
INSERT INTO `bc_region` VALUES ('QY010', '北京市', '北京市', '顺义区', '110113', 'BJBJSY', 'beijing');
INSERT INTO `bc_region` VALUES ('QY011', '北京市', '北京市', '昌平区', '110114', 'BJBJCP', 'beijing');
INSERT INTO `bc_region` VALUES ('QY012', '北京市', '北京市', '大兴区', '110115', 'BJBJDX', 'beijing');
INSERT INTO `bc_region` VALUES ('QY013', '北京市', '北京市', '怀柔区', '110116', 'BJBJHR', 'beijing');
INSERT INTO `bc_region` VALUES ('QY014', '北京市', '北京市', '平谷区', '110117', 'BJBJPG', 'beijing');
INSERT INTO `bc_region` VALUES ('QY015', '北京市', '北京市', '密云县', '110228', 'BJBJMY', 'beijing');
INSERT INTO `bc_region` VALUES ('QY016', '北京市', '北京市', '延庆县', '110229', 'BJBJYQ', 'beijing');
INSERT INTO `bc_region` VALUES ('QY017', '河北省', '石家庄市', '长安区', '130102', 'HBSJZZA', 'shijiazhuang');
INSERT INTO `bc_region` VALUES ('QY018', '河北省', '石家庄市', '桥东区', '130103', 'HBSJZQD', 'shijiazhuang');
INSERT INTO `bc_region` VALUES ('QY019', '河北省', '石家庄市', '桥西区', '130104', 'HBSJZQX', 'shijiazhuang');
INSERT INTO `bc_region` VALUES ('QY020', '河北省', '石家庄市', '新华区', '130105', 'HBSJZXH', 'shijiazhuang');
INSERT INTO `bc_region` VALUES ('QY021', '河北省', '石家庄市', '井陉矿区', '130107', 'HBSJZJXK', 'shijiazhuang');
INSERT INTO `bc_region` VALUES ('QY022', '河北省', '石家庄市', '裕华区', '130108', 'HBSJZYH', 'shijiazhuang');
INSERT INTO `bc_region` VALUES ('QY023', '河北省', '石家庄市', '井陉县', '130121', 'HBSJZJX', 'shijiazhuang');
INSERT INTO `bc_region` VALUES ('QY024', '河北省', '石家庄市', '正定县', '130123', 'HBSJZZD', 'shijiazhuang');
INSERT INTO `bc_region` VALUES ('QY025', '河北省', '石家庄市', '栾城县', '130124', 'HBSJZLC', 'shijiazhuang');
INSERT INTO `bc_region` VALUES ('QY026', '河北省', '石家庄市', '行唐县', '130125', 'HBSJZXT', 'shijiazhuang');
INSERT INTO `bc_region` VALUES ('QY027', '河北省', '石家庄市', '灵寿县', '130126', 'HBSJZLS', 'shijiazhuang');
INSERT INTO `bc_region` VALUES ('QY028', '河北省', '石家庄市', '高邑县', '130127', 'HBSJZGY', 'shijiazhuang');
INSERT INTO `bc_region` VALUES ('QY029', '河北省', '石家庄市', '深泽县', '130128', 'HBSJZSZ', 'shijiazhuang');
INSERT INTO `bc_region` VALUES ('QY030', '河北省', '石家庄市', '赞皇县', '130129', 'HBSJZZH', 'shijiazhuang');
INSERT INTO `bc_region` VALUES ('QY031', '河北省', '石家庄市', '无极县', '130130', 'HBSJZWJ', 'shijiazhuang');
INSERT INTO `bc_region` VALUES ('QY032', '河北省', '石家庄市', '平山县', '130131', 'HBSJZPS', 'shijiazhuang');
INSERT INTO `bc_region` VALUES ('QY033', '河北省', '石家庄市', '元氏县', '130132', 'HBSJZYS', 'shijiazhuang');
INSERT INTO `bc_region` VALUES ('QY034', '河北省', '石家庄市', '赵县', '130133', 'HBSJZZ', 'shijiazhuang');
INSERT INTO `bc_region` VALUES ('QY035', '河北省', '石家庄市', '辛集市', '130181', 'HBSJZXJ', 'shijiazhuang');
INSERT INTO `bc_region` VALUES ('QY036', '河北省', '石家庄市', '藁城市', '130182', 'HBSJZGC', 'shijiazhuang');
INSERT INTO `bc_region` VALUES ('QY037', '河北省', '石家庄市', '晋州市', '130183', 'HBSJZJZ', 'shijiazhuang');
INSERT INTO `bc_region` VALUES ('QY038', '河北省', '石家庄市', '新乐市', '130184', 'HBSJZXL', 'shijiazhuang');
INSERT INTO `bc_region` VALUES ('QY039', '河北省', '石家庄市', '鹿泉市', '130185', 'HBSJZLQ', 'shijiazhuang');
INSERT INTO `bc_region` VALUES ('QY040', '天津市', '天津市', '和平区', '120101', 'TJTJHP', 'tianjin');
INSERT INTO `bc_region` VALUES ('QY041', '天津市', '天津市', '河东区', '120102', 'TJTJHD', 'tianjin');
INSERT INTO `bc_region` VALUES ('QY042', '天津市', '天津市', '河西区', '120103', 'TJTJHX', 'tianjin');
INSERT INTO `bc_region` VALUES ('QY043', '天津市', '天津市', '南开区', '120104', 'TJTJNK', 'tianjin');
INSERT INTO `bc_region` VALUES ('QY044', '天津市', '天津市', '河北区', '120105', 'TJTJHB', 'tianjin');
INSERT INTO `bc_region` VALUES ('QY045', '天津市', '天津市', '红桥区', '120106', 'TJTJHQ', 'tianjin');
INSERT INTO `bc_region` VALUES ('QY046', '天津市', '天津市', '滨海新区', '120116', 'TJTJBHX', 'tianjin');
INSERT INTO `bc_region` VALUES ('QY047', '天津市', '天津市', '东丽区', '120110', 'TJTJDL', 'tianjin');
INSERT INTO `bc_region` VALUES ('QY048', '天津市', '天津市', '西青区', '120111', 'TJTJXQ', 'tianjin');
INSERT INTO `bc_region` VALUES ('QY049', '天津市', '天津市', '津南区', '120112', 'TJTJJN', 'tianjin');
INSERT INTO `bc_region` VALUES ('QY050', '天津市', '天津市', '北辰区', '120113', 'TJTJBC', 'tianjin');
INSERT INTO `bc_region` VALUES ('QY051', '天津市', '天津市', '武清区', '120114', 'TJTJWQ', 'tianjin');
INSERT INTO `bc_region` VALUES ('QY052', '天津市', '天津市', '宝坻区', '120115', 'TJTJBC', 'tianjin');
INSERT INTO `bc_region` VALUES ('QY053', '天津市', '天津市', '宁河县', '120221', 'TJTJNH', 'tianjin');
INSERT INTO `bc_region` VALUES ('QY054', '天津市', '天津市', '静海县', '120223', 'TJTJJH', 'tianjin');
INSERT INTO `bc_region` VALUES ('QY055', '天津市', '天津市', '蓟县', '120225', 'TJTJJ', 'tianjin');
INSERT INTO `bc_region` VALUES ('QY056', '山西省', '太原市', '小店区', '140105', 'SXTYXD', 'taiyuan');
INSERT INTO `bc_region` VALUES ('QY057', '山西省', '太原市', '迎泽区', '140106', 'SXTYYZ', 'taiyuan');
INSERT INTO `bc_region` VALUES ('QY058', '山西省', '太原市', '杏花岭区', '140107', 'SXTYXHL', 'taiyuan');
INSERT INTO `bc_region` VALUES ('QY059', '山西省', '太原市', '尖草坪区', '140108', 'SXTYJCP', 'taiyuan');
INSERT INTO `bc_region` VALUES ('QY060', '山西省', '太原市', '万柏林区', '140109', 'SXTYWBL', 'taiyuan');
INSERT INTO `bc_region` VALUES ('QY061', '山西省', '太原市', '晋源区', '140110', 'SXTYJY', 'taiyuan');
INSERT INTO `bc_region` VALUES ('QY062', '山西省', '太原市', '清徐县', '140121', 'SXTYQX', 'taiyuan');
INSERT INTO `bc_region` VALUES ('QY063', '山西省', '太原市', '阳曲县', '140122', 'SXTYYQ', 'taiyuan');
INSERT INTO `bc_region` VALUES ('QY064', '山西省', '太原市', '娄烦县', '140123', 'SXTYLF', 'taiyuan');
INSERT INTO `bc_region` VALUES ('QY065', '山西省', '太原市', '古交市', '140181', 'SXTYGJ', 'taiyuan');

-- ----------------------------
-- Table structure for bc_region_subareas
-- ----------------------------
DROP TABLE IF EXISTS `bc_region_subareas`;
CREATE TABLE `bc_region_subareas` (
  `bc_region` varchar(255) NOT NULL,
  `subareas` varchar(255) NOT NULL,
  PRIMARY KEY (`bc_region`,`subareas`),
  UNIQUE KEY `UK_lrvijioiqa9w1feykgh2thy5a` (`subareas`),
  CONSTRAINT `FK_ev8f7kamohb5ssnmfs6h2g9g1` FOREIGN KEY (`bc_region`) REFERENCES `bc_region` (`id`),
  CONSTRAINT `FK_lrvijioiqa9w1feykgh2thy5a` FOREIGN KEY (`subareas`) REFERENCES `bc_subarea` (`id`)
) ENGINE=InnoDB DEFAULT CHARSET=utf8;

-- ----------------------------
-- Records of bc_region_subareas
-- ----------------------------

-- ----------------------------
-- Table structure for bc_staff
-- ----------------------------
DROP TABLE IF EXISTS `bc_staff`;
CREATE TABLE `bc_staff` (
  `id` varchar(32) NOT NULL,
  `name` varchar(20) DEFAULT NULL,
  `telephone` varchar(20) DEFAULT NULL,
  `haspda` char(1) DEFAULT NULL,
  `deltag` char(1) DEFAULT NULL,
  `station` varchar(40) DEFAULT NULL,
  `standard` varchar(100) DEFAULT NULL,
  PRIMARY KEY (`id`)
) ENGINE=InnoDB DEFAULT CHARSET=utf8;

-- ----------------------------
-- Records of bc_staff
-- ----------------------------
INSERT INTO `bc_staff` VALUES ('4028d4815dfe1aa1015dfe1b192b0a13', '神灵武士', '13513733331', '0', '0', '黄昏酒馆', '中立');
INSERT INTO `bc_staff` VALUES ('4028d4815dfe1aa1015dfe1b192b0ab0', '潮汐猎人', '1351373333', '0', '1', '黄昏酒馆', '中立');
INSERT INTO `bc_staff` VALUES ('4028d4815dfe1aa1015dfe1cfa900a14', '龙骑士', '1351351734', '1', '1', '黄昏酒馆', '中立');
INSERT INTO `bc_staff` VALUES ('4028d4815dfe1aa1015dfe1cfa900ab1', '沙王', '1351351734', '1', '1', '黄昏酒馆', '中立');
INSERT INTO `bc_staff` VALUES ('4028d4815dfe1aa1015dfe1e12f50a11', '发条地精', '1357313335', '0', '0', '黄昏酒馆', '中立');
INSERT INTO `bc_staff` VALUES ('4028d4815dfe1aa1015dfe1e12f50a15', '凤凰', '1357313335', '0', '0', '黄昏酒馆', '中立');
INSERT INTO `bc_staff` VALUES ('4028d4815dfe1aa1015dfe1e12f50ab2', '炼金术士', '1357313335', '0', '0', '黄昏酒馆', '中立');
INSERT INTO `bc_staff` VALUES ('4028d4815dfe1aa1015dfe1e79a30a12', '钢背兽', '1351351736', '1', '0', '黄昏酒馆', '中立');
INSERT INTO `bc_staff` VALUES ('4028d4815dfe1aa1015dfe1e79a30a16', '巨牙海民', '1351351736', '1', '0', '黄昏酒馆', '中立');
INSERT INTO `bc_staff` VALUES ('4028d4815dfe1aa1015dfe1e79a30a17', '裂魂人', '1351351736', '1', '0', '黄昏酒馆', '中立');
INSERT INTO `bc_staff` VALUES ('4028d4815dfe1aa1015dfe1e79a30ab3', '半人猛犸', '1351351736', '1', '0', '黄昏酒馆', '中立');
INSERT INTO `bc_staff` VALUES ('4028d4as67a21015d2e1b192b0ab0', '变体精灵', '1351373333', '0', '1', '曙光酒馆', '近卫');
INSERT INTO `bc_staff` VALUES ('4028d4as67a21015d2e1cf34900ab1', '矮人直升机', '1351351734', '1', '1', '曙光酒馆', '近卫');
INSERT INTO `bc_staff` VALUES ('4028d4as67a21015dfe1e134f50ab2', '风行者', '1357313335', '0', '0', '清晨酒馆', '近卫');
INSERT INTO `bc_staff` VALUES ('4028d4asdfe1a21015d231e79a30ab3', '剑圣', '1351351736', '1', '0', '曙光酒馆', '近卫');
INSERT INTO `bc_staff` VALUES ('4028d4asdfe1a21015d2e1b192b0ab0', '月之女祭司', '1351373333', '0', '1', '曙光酒馆', '近卫');
INSERT INTO `bc_staff` VALUES ('4028d4asdfe1a21015d2e1cfa900ab1', '隐形刺客', '1351351734', '1', '1', '曙光酒馆', '近卫');
INSERT INTO `bc_staff` VALUES ('4028d4asdfe1a21015d2e1cfa920ab1', '幻影长矛手', '1351351734', '1', '1', '曙光酒馆', '近卫');
INSERT INTO `bc_staff` VALUES ('4028d4asdfe1a21015d2e1e12f50ab2', '娜迦海妖', '1357313335', '0', '0', '曙光酒馆', '近卫');
INSERT INTO `bc_staff` VALUES ('4028d4asdfe1a21015d2e1e12f53ab2', '德鲁伊', '1357313335', '0', '0', '曙光酒馆', '近卫');
INSERT INTO `bc_staff` VALUES ('4028d4asdfe1a21015d2e1e79a30ab3', '月之骑士', '1351351736', '1', '0', '曙光酒馆', '近卫');
INSERT INTO `bc_staff` VALUES ('4028d4asdfe1a21015d2e1e79a31ab3', '敌法师', '1351351736', '1', '0', '曙光酒馆', '近卫');
INSERT INTO `bc_staff` VALUES ('4028d4asdfe1a21015d2e1f192b0ab0', '巨魔战将', '1351373333', '0', '1', '曙光酒馆', '近卫');
INSERT INTO `bc_staff` VALUES ('4028weasdfe1a21015d2e1e12f50ab2', '矮人狙击手', '1357313335', '0', '0', '曙光酒馆', '近卫');
INSERT INTO `bc_staff` VALUES ('4028wer15dfe1a21015d2e1b192b0ab0', '兽王', '1351373333', '0', '1', '旭日酒馆', '近卫');
INSERT INTO `bc_staff` VALUES ('4028wer15dfe1a21015d2e1cfa900ab1', '全能骑士', '1351351734', '1', '1', '旭日酒馆', '近卫');
INSERT INTO `bc_staff` VALUES ('4028wer15dfe1a21015d2e1cfa9fgab1', '熊猫酒仙', '1351351734', '1', '1', '旭日酒馆', '近卫');
INSERT INTO `bc_staff` VALUES ('4028wer15dfe1a21015d2e1e12f50ab2', '树精卫士', '1357313335', '0', '0', '旭日酒馆', '近卫');
INSERT INTO `bc_staff` VALUES ('4028wer15dfe1a21015d2e1e79a30ab3', '山岭巨人', '1351351736', '1', '0', '旭日酒馆', '近卫');
INSERT INTO `bc_staff` VALUES ('4028wer15dfe1aa1015d2e1b192b0ab0', '牛头人酋长', '1351373333', '0', '1', '旭日酒馆', '近卫');
INSERT INTO `bc_staff` VALUES ('4028wer15dfe1aa1015d2e1e79a30ab3', '流浪剑客', '1351351736', '1', '0', '旭日酒馆', '近卫');
INSERT INTO `bc_staff` VALUES ('4028wer15dfe1aa1015dfe1b192b0ab0', '半人马酋长', '1733513333', '0', '1', '旭日酒馆', '近卫');
INSERT INTO `bc_staff` VALUES ('4028wer15dfe1aa1015dfe1cfa900ab1', '船长', '1351351734', '1', '1', '旭日酒馆', '近卫');
INSERT INTO `bc_staff` VALUES ('4028wer15dfe1aa1015dfe1e12f50ab2', '撼地神牛', '1357313335', '0', '0', '旭日酒馆', '近卫');
INSERT INTO `bc_staff` VALUES ('40a8d481671a21015dfe1e342f50bp6', '众神之王', '1357313335', '0', '0', '清晨酒馆', '近卫');
INSERT INTO `bc_staff` VALUES ('40a8d481671a21015dfe1e349a30bp7', '水晶室女', '1351351736', '1', '0', '清晨酒馆', '近卫');
INSERT INTO `bc_staff` VALUES ('40a8d481671a21asddfe1b3492b0bp4', '先知', '1351373333', '0', '1', '清晨酒馆', '近卫');
INSERT INTO `bc_staff` VALUES ('40a8d481671a21asddfe1c34a900bp5', '干扰者', '1351351734', '1', '1', '清晨酒馆', '近卫');
INSERT INTO `bc_staff` VALUES ('40a8d481671a21asddfe1e342f50bp2', '圣骑士', '1357313335', '0', '0', '清晨酒馆', '近卫');
INSERT INTO `bc_staff` VALUES ('40a8d481671a21asddfe1e349a30bp1', '秀逗魔导士', '1351351736', '1', '0', '清晨酒馆', '近卫');
INSERT INTO `bc_staff` VALUES ('40a8d481671a21asddfe1e349a30bp3', '魅惑魔女', '1351351736', '1', '0', '清晨酒馆', '近卫');
INSERT INTO `bc_staff` VALUES ('40a8d48167er21015dfe1b3492b0ab0', '风暴之灵', '1351373333', '0', '1', '清晨酒馆', '近卫');
INSERT INTO `bc_staff` VALUES ('40a8d48167er21015dfe1c34a900ab1', '光之守卫', '1351351734', '1', '1', '清晨酒馆', '近卫');
INSERT INTO `bc_staff` VALUES ('40a8d48167er21015dfe1e342f50ab2', '精灵龙', '1357313335', '0', '0', '清晨酒馆', '近卫');
INSERT INTO `bc_staff` VALUES ('40a8d48167er21015dfe1e349a30ab3', '沉默术士', '1351351736', '1', '0', '清晨酒馆', '近卫');
INSERT INTO `bc_staff` VALUES ('aa28d4815dfe1aa1015dfe1b192b0a13', '虚空假面', '1351373333', '0', '1', '黎明酒馆', '中立');
INSERT INTO `bc_staff` VALUES ('aa28d4815dfe1aa1015dfe1b192b0ab0', '黑暗游侠', '1351373333', '0', '1', '黎明酒馆', '中立');
INSERT INTO `bc_staff` VALUES ('aa28d4815dfe1aa1015dfe1cfa900a14', '地卜师', '1351351734', '1', '1', '黎明酒馆', '中立');
INSERT INTO `bc_staff` VALUES ('aa28d4815dfe1aa1015dfe1cfa900ab1', '鱼人夜行者', '1351351734', '1', '1', '黎明酒馆', '中立');
INSERT INTO `bc_staff` VALUES ('aa28d4815dfe1aa1015dfe1e12f50a11', '闪电幽魂', '1357313335', '0', '0', '黎明酒馆', '中立');
INSERT INTO `bc_staff` VALUES ('aa28d4815dfe1aa1015dfe1e12f50a15', '蛇发女妖', '1357313335', '0', '0', '黎明酒馆', '中立');
INSERT INTO `bc_staff` VALUES ('aa28d4815dfe1aa1015dfe1e12f50ab2', '复仇之魂', '1357313335', '0', '0', '黎明酒馆', '中立');
INSERT INTO `bc_staff` VALUES ('aa28d4815dfe1aa1015dfe1e79a30a12', '圣堂刺客', '1351351736', '1', '0', '黎明酒馆', '中立');
INSERT INTO `bc_staff` VALUES ('aa28d4815dfe1aa1015dfe1e79a30a16', '熊战士', '1351351736', '1', '0', '黎明酒馆', '中立');
INSERT INTO `bc_staff` VALUES ('aa28d4815dfe1aa1015dfe1e79a30a17', '赏金猎人', '1351351736', '1', '0', '黎明酒馆', '中立');
INSERT INTO `bc_staff` VALUES ('adf8d4815dfe1aa1015dfe1b192b0a13', '蝙蝠骑士', '1351373333', '0', '1', '暮色酒馆', '中立');
INSERT INTO `bc_staff` VALUES ('adf8d4815dfe1aa1015dfe1b192b0ab0', '死灵飞龙', '1351373333', '0', '1', '暮色酒馆', '中立');
INSERT INTO `bc_staff` VALUES ('adf8d4815dfe1aa1015dfe1cfa900a14', '创世者', '1351351734', '1', '1', '暮色酒馆', '中立');
INSERT INTO `bc_staff` VALUES ('adf8d4815dfe1aa1015dfe1cfa900ab1', '双头龙', '1351351734', '1', '1', '暮色酒馆', '中立');
INSERT INTO `bc_staff` VALUES ('adf8d4815dfe1aa1015dfe1cfa903ab1', '受折磨的灵魂', '1351351734', '1', '1', '暮色酒馆', '中立');
INSERT INTO `bc_staff` VALUES ('adf8d4815dfe1aa1015dfe1cfa920ab1', '巫医', '1351351734', '1', '1', '暮色酒馆', '中立');
INSERT INTO `bc_staff` VALUES ('adf8d4815dfe1aa1015dfe1e12f50a11', '暗影牧师', '1357313335', '0', '0', '暮色酒馆', '中立');
INSERT INTO `bc_staff` VALUES ('adf8d4815dfe1aa1015dfe1e12f50a15', '地精修补匠', '1357313335', '0', '0', '暮色酒馆', '中立');
INSERT INTO `bc_staff` VALUES ('adf8d4815dfe1aa1015dfe1e12f50ab2', '极寒幽魂', '1357313335', '0', '0', '暮色酒馆', '中立');
INSERT INTO `bc_staff` VALUES ('adf8d4815dfe1aa1015dfe1e79a30a12', '暗影萨满', '1351351736', '1', '0', '暮色酒馆', '中立');
INSERT INTO `bc_staff` VALUES ('adf8d4815dfe1aa1015dfe1e79a30a16', '哥布林工程师', '1351351736', '1', '0', '暮色酒馆', '中立');
INSERT INTO `bc_staff` VALUES ('adf8d4815dfe1aa1015dfe1e79a30a17', '食人魔魔法师', '1351351736', '1', '0', '暮色酒馆', '中立');
INSERT INTO `bc_staff` VALUES ('adf8vb815dfe1aa1015dfe1b192b0a13', '狼人', '1351373333', '0', '1', '黑夜酒馆', '天灾');
INSERT INTO `bc_staff` VALUES ('adf8vb815dfe1aa1015dfe1b192b0ab0', '食尸鬼', '1351373333', '0', '1', '黑夜酒馆', '天灾');
INSERT INTO `bc_staff` VALUES ('adf8vb815dfe1aa1015dfe1cfa900a14', '不朽尸王', '1351351734', '1', '1', '黑夜酒馆', '天灾');
INSERT INTO `bc_staff` VALUES ('adf8vb815dfe1aa1015dfe1cfa900ab1', '深渊领主', '1351351734', '1', '1', '黑夜酒馆', '天灾');
INSERT INTO `bc_staff` VALUES ('adf8vb815dfe1aa1015dfe1cfa903ab1', '鱼人守卫', '1351351734', '1', '1', '黑夜酒馆', '天灾');
INSERT INTO `bc_staff` VALUES ('adf8vb815dfe1aa1015dfe1cfa920ab1', '屠夫', '1351351734', '1', '1', '黑夜酒馆', '天灾');
INSERT INTO `bc_staff` VALUES ('adf8vb815dfe1aa1015dfe1e12f50a11', '斧王', '1357313335', '0', '0', '黑夜酒馆', '天灾');
INSERT INTO `bc_staff` VALUES ('adf8vb815dfe1aa1015dfe1e12f50a15', '地狱领主', '1357313335', '0', '0', '黑夜酒馆', '天灾');
INSERT INTO `bc_staff` VALUES ('adf8vb815dfe1aa1015dfe1e12f50ab2', '骷髅王', '1357313335', '0', '0', '黑夜酒馆', '天灾');
INSERT INTO `bc_staff` VALUES ('adf8vb815dfe1aa1015dfe1e79a30a12', '暗夜魔王', '1351351736', '1', '0', '黑夜酒馆', '天灾');
INSERT INTO `bc_staff` VALUES ('adf8vb815dfe1aa1015dfe1e79a30a16', '混沌骑士', '1351351736', '1', '0', '黑夜酒馆', '天灾');
INSERT INTO `bc_staff` VALUES ('adf8vb815dfe1aa1015dfe1e79a30a17', '末日使者', '1351351736', '1', '0', '黑夜酒馆', '天灾');
INSERT INTO `bc_staff` VALUES ('adf8vb815dfe1jkl015dfe1b192b0a13', '幻影刺客', '1351373333', '0', '1', '夜色酒馆', '天灾');
INSERT INTO `bc_staff` VALUES ('adf8vb815dfe1jkl015dfe1b192b0ab0', '幽鬼', '1351373333', '0', '1', '夜色酒馆', '天灾');
INSERT INTO `bc_staff` VALUES ('adf8vb815dfe1jkl015dfe1cfa900a14', '剧毒术士', '1351351734', '1', '1', '夜色酒馆', '天灾');
INSERT INTO `bc_staff` VALUES ('adf8vb815dfe1jkl015dfe1cfa900ab1', '影魔', '1351351734', '1', '1', '夜色酒馆', '天灾');
INSERT INTO `bc_staff` VALUES ('adf8vb815dfe1jkl015dfe1cfa920ab1', '育母蜘蛛', '1351351734', '1', '1', '夜色酒馆', '天灾');
INSERT INTO `bc_staff` VALUES ('adf8vb815dfe1jkl015dfe1e12f50a11', '地穴编织者', '1357313335', '0', '0', '夜色酒馆', '天灾');
INSERT INTO `bc_staff` VALUES ('adf8vb815dfe1jkl015dfe1e12f50a15', '骷髅射手', '1357313335', '0', '0', '夜色酒馆', '天灾');
INSERT INTO `bc_staff` VALUES ('adf8vb815dfe1jkl015dfe1e12f50ab2', '冥界亚龙', '1357313335', '0', '0', '夜色酒馆', '天灾');
INSERT INTO `bc_staff` VALUES ('adf8vb815dfe1jkl015dfe1e79a30a12', '地穴刺客', '1351351736', '1', '0', '夜色酒馆', '天灾');
INSERT INTO `bc_staff` VALUES ('adf8vb815dfe1jkl015dfe1e79a30a16', '灵魂守卫', '1351351736', '1', '0', '夜色酒馆', '天灾');
INSERT INTO `bc_staff` VALUES ('adf8vb815dfe1jkl015dfe1e79a30a17', '血魔', '1351351736', '1', '0', '夜色酒馆', '天灾');
INSERT INTO `bc_staff` VALUES ('adf8vb815dfe1jzxcr5dfe1b192b0a13', '黑暗贤者', '1351373333', '0', '1', '午夜酒馆', '天灾');
INSERT INTO `bc_staff` VALUES ('adf8vb815dfe1jzxcr5dfe1b192b0ab0', '痛苦女王', '1351373333', '0', '1', '午夜酒馆', '天灾');
INSERT INTO `bc_staff` VALUES ('adf8vb815dfe1jzxcr5dfe1cfa900a14', '黑曜毁灭者', '1351351734', '1', '1', '午夜酒馆', '天灾');
INSERT INTO `bc_staff` VALUES ('adf8vb815dfe1jzxcr5dfe1cfa900ab1', '痛苦之源', '1351351734', '1', '1', '午夜酒馆', '天灾');
INSERT INTO `bc_staff` VALUES ('adf8vb815dfe1jzxcr5dfe1cfa903ab1', '遗忘法师', '1351351734', '1', '1', '午夜酒馆', '天灾');
INSERT INTO `bc_staff` VALUES ('adf8vb815dfe1jzxcr5dfe1cfa920ab1', '巫妖', '1351351734', '1', '1', '午夜酒馆', '天灾');
INSERT INTO `bc_staff` VALUES ('adf8vb815dfe1jzxcr5dfe1e12f50a11', '暗影恶魔', '1357313335', '0', '0', '午夜酒馆', '天灾');
INSERT INTO `bc_staff` VALUES ('adf8vb815dfe1jzxcr5dfe1e12f50a15', '谜团', '1357313335', '0', '0', '午夜酒馆', '天灾');
INSERT INTO `bc_staff` VALUES ('adf8vb815dfe1jzxcr5dfe1e12f50ab2', '死灵法师', '1357313335', '0', '0', '午夜酒馆', '天灾');
INSERT INTO `bc_staff` VALUES ('adf8vb815dfe1jzxcr5dfe1e79a30a12', '恶魔巫师', '1351351736', '1', '0', '午夜酒馆', '天灾');
INSERT INTO `bc_staff` VALUES ('adf8vb815dfe1jzxcr5dfe1e79a30a16', '术士', '1351351736', '1', '0', '午夜酒馆', '天灾');
INSERT INTO `bc_staff` VALUES ('adf8vb815dfe1jzxcr5dfe1e79a30a17', '死亡先知', '1351351736', '1', '0', '午夜酒馆', '天灾');

-- ----------------------------
-- Table structure for bc_staff_decidedzones
-- ----------------------------
DROP TABLE IF EXISTS `bc_staff_decidedzones`;
CREATE TABLE `bc_staff_decidedzones` (
  `bc_staff` varchar(255) NOT NULL,
  `decidedzones` varchar(255) NOT NULL,
  PRIMARY KEY (`bc_staff`,`decidedzones`),
  UNIQUE KEY `UK_belop4kobyc5fpmfa38on9t89` (`decidedzones`),
  CONSTRAINT `FK_4ms1f1vdh1q7potckhmw6t5o6` FOREIGN KEY (`bc_staff`) REFERENCES `bc_staff` (`id`),
  CONSTRAINT `FK_belop4kobyc5fpmfa38on9t89` FOREIGN KEY (`decidedzones`) REFERENCES `bc_decidedzone` (`id`)
) ENGINE=InnoDB DEFAULT CHARSET=utf8;

-- ----------------------------
-- Records of bc_staff_decidedzones
-- ----------------------------

-- ----------------------------
-- Table structure for bc_subarea
-- ----------------------------
DROP TABLE IF EXISTS `bc_subarea`;
CREATE TABLE `bc_subarea` (
  `id` varchar(32) NOT NULL,
  `decidedzone_id` varchar(32) DEFAULT NULL,
  `region_id` varchar(32) DEFAULT NULL,
  `addresskey` varchar(100) DEFAULT NULL,
  `startnum` varchar(30) DEFAULT NULL,
  `endnum` varchar(30) DEFAULT NULL,
  `single` char(1) DEFAULT NULL,
  `position` varchar(255) DEFAULT NULL,
  PRIMARY KEY (`id`),
  KEY `FK_area_decidedzone` (`decidedzone_id`),
  KEY `FK_area_region` (`region_id`),
  CONSTRAINT `FK_area_decidedzone` FOREIGN KEY (`decidedzone_id`) REFERENCES `bc_decidedzone` (`id`),
  CONSTRAINT `FK_area_region` FOREIGN KEY (`region_id`) REFERENCES `bc_region` (`id`)
) ENGINE=InnoDB DEFAULT CHARSET=utf8;

-- ----------------------------
-- Records of bc_subarea
-- ----------------------------
INSERT INTO `bc_subarea` VALUES ('4028e2816112bf7a016112c02fc80000', 'dq001', 'QY001', '东区小旋风', '1', '1000', '1', '北京市北京市东城区XXX大街');
INSERT INTO `bc_subarea` VALUES ('4028e2816112bf7a016112c07de90001', null, 'QY002', '西城小王子', '2', '1000', '2', '北京市北京市西城区XXX胡同');
INSERT INTO `bc_subarea` VALUES ('4028e2816112bf7a016112c162710002', null, 'QY003', '朝阳大妈', '1001', '2000', '0', '北京市朝阳区整个区');

-- ----------------------------
-- Table structure for qp_noticebill
-- ----------------------------
DROP TABLE IF EXISTS `qp_noticebill`;
CREATE TABLE `qp_noticebill` (
  `id` varchar(32) NOT NULL,
  `staff_id` varchar(32) DEFAULT NULL,
  `customer_id` varchar(32) DEFAULT NULL,
  `customer_name` varchar(20) DEFAULT NULL,
  `delegater` varchar(20) DEFAULT NULL,
  `telephone` varchar(20) DEFAULT NULL,
  `pickaddress` varchar(200) DEFAULT NULL,
  `arrivecity` varchar(20) DEFAULT NULL,
  `product` varchar(20) DEFAULT NULL,
  `pickdate` date DEFAULT NULL,
  `num` int(11) DEFAULT NULL,
  `weight` double DEFAULT NULL,
  `volume` varchar(20) DEFAULT NULL,
  `remark` varchar(255) DEFAULT NULL,
  `ordertype` varchar(20) DEFAULT NULL,
  `user_id` varchar(32) DEFAULT NULL,
  PRIMARY KEY (`id`),
  KEY `FK_Reference_30` (`staff_id`),
  KEY `FK_jk39es1xdec95wfmxv7f1vg7r` (`user_id`),
  CONSTRAINT `FK_Reference_20` FOREIGN KEY (`user_id`) REFERENCES `auth_user` (`id`),
  CONSTRAINT `FK_Reference_30` FOREIGN KEY (`staff_id`) REFERENCES `bc_staff` (`id`)
) ENGINE=InnoDB DEFAULT CHARSET=utf8;

-- ----------------------------
-- Records of qp_noticebill
-- ----------------------------

-- ----------------------------
-- Table structure for qp_noticebill_workbills
-- ----------------------------
DROP TABLE IF EXISTS `qp_noticebill_workbills`;
CREATE TABLE `qp_noticebill_workbills` (
  `qp_noticebill` varchar(255) NOT NULL,
  `workbills` varchar(255) NOT NULL,
  PRIMARY KEY (`qp_noticebill`,`workbills`),
  UNIQUE KEY `UK_9l0hv3lm6ysvfl2ulm6fgi5t8` (`workbills`),
  CONSTRAINT `FK_9l0hv3lm6ysvfl2ulm6fgi5t8` FOREIGN KEY (`workbills`) REFERENCES `qp_workbill` (`id`),
  CONSTRAINT `FK_ftopidyg40gf5sgmoasb4fom6` FOREIGN KEY (`qp_noticebill`) REFERENCES `qp_noticebill` (`id`)
) ENGINE=InnoDB DEFAULT CHARSET=utf8;

-- ----------------------------
-- Records of qp_noticebill_workbills
-- ----------------------------

-- ----------------------------
-- Table structure for qp_workbill
-- ----------------------------
DROP TABLE IF EXISTS `qp_workbill`;
CREATE TABLE `qp_workbill` (
  `id` varchar(32) NOT NULL,
  `noticebill_id` varchar(32) DEFAULT NULL,
  `type` varchar(20) DEFAULT NULL,
  `pickstate` varchar(20) DEFAULT NULL,
  `buildtime` timestamp NOT NULL DEFAULT CURRENT_TIMESTAMP ON UPDATE CURRENT_TIMESTAMP,
  `attachbilltimes` int(11) DEFAULT NULL,
  `remark` varchar(255) DEFAULT NULL,
  `staff_id` varchar(32) DEFAULT NULL,
  PRIMARY KEY (`id`),
  KEY `FK_Reference_40` (`staff_id`),
  KEY `FK_workbill_noticebill_fk_50` (`noticebill_id`),
  CONSTRAINT `FK_Reference_40` FOREIGN KEY (`staff_id`) REFERENCES `bc_staff` (`id`),
  CONSTRAINT `FK_workbill_noticebill_fk_50` FOREIGN KEY (`noticebill_id`) REFERENCES `qp_noticebill` (`id`)
) ENGINE=InnoDB DEFAULT CHARSET=utf8;

-- ----------------------------
-- Records of qp_workbill
-- ----------------------------

-- ----------------------------
-- Table structure for qp_workordermanage
-- ----------------------------
DROP TABLE IF EXISTS `qp_workordermanage`;
CREATE TABLE `qp_workordermanage` (
  `id` varchar(32) NOT NULL,
  `arrivecity` varchar(20) DEFAULT NULL,
  `product` varchar(20) DEFAULT NULL,
  `num` int(11) DEFAULT NULL,
  `weight` double DEFAULT NULL,
  `floadreqr` varchar(255) DEFAULT NULL,
  `prodtimelimit` varchar(40) DEFAULT NULL,
  `prodtype` varchar(40) DEFAULT NULL,
  `sendername` varchar(20) DEFAULT NULL,
  `senderphone` varchar(20) DEFAULT NULL,
  `senderaddr` varchar(200) DEFAULT NULL,
  `receivername` varchar(20) DEFAULT NULL,
  `receiverphone` varchar(20) DEFAULT NULL,
  `receiveraddr` varchar(200) DEFAULT NULL,
  `feeitemnum` int(11) DEFAULT NULL,
  `actlweit` double DEFAULT NULL,
  `vol` varchar(20) DEFAULT NULL,
  `managerCheck` varchar(1) DEFAULT NULL,
  `updatetime` date DEFAULT NULL,
  `manager_check` varchar(255) DEFAULT NULL,
  PRIMARY KEY (`id`)
) ENGINE=InnoDB DEFAULT CHARSET=utf8;

-- ----------------------------
-- Records of qp_workordermanage
-- ----------------------------

-- ----------------------------
-- Table structure for t_customer
-- ----------------------------
DROP TABLE IF EXISTS `t_customer`;
CREATE TABLE `t_customer` (
  `id` int(11) NOT NULL AUTO_INCREMENT,
  `name` varchar(255) DEFAULT NULL,
  `station` varchar(255) DEFAULT NULL,
  `telephone` varchar(255) DEFAULT NULL,
  `address` varchar(255) DEFAULT NULL,
  `decidedzone_id` varchar(255) DEFAULT NULL,
  PRIMARY KEY (`id`)
) ENGINE=InnoDB AUTO_INCREMENT=9 DEFAULT CHARSET=utf8;

-- ----------------------------
-- Records of t_customer
-- ----------------------------
INSERT INTO `t_customer` VALUES ('1', '张三', '百度', '1', '北京', 'dq001');
INSERT INTO `t_customer` VALUES ('2', '李四', '哇哈哈', '2', '上海', null);
INSERT INTO `t_customer` VALUES ('3', '王五', '搜狗', '3', '天津', null);
INSERT INTO `t_customer` VALUES ('4', '赵六', '联想', '4', '石家庄', null);
INSERT INTO `t_customer` VALUES ('5', '小白', '测试空间', '5', '内蒙古', null);
INSERT INTO `t_customer` VALUES ('6', '小黑', '联想', '6', '天津1', null);
INSERT INTO `t_customer` VALUES ('7', '小花', '百度', '7', '北京1', 'dq001');
INSERT INTO `t_customer` VALUES ('8', '小李', '长城', '8', '北京2', 'dq001');
